iban,username,type
NL04BEEH0010000104,vodgmbgdu,OWNER
NL04BEEH0010000104,utmhdfeep,OWNER
NL04BEEH0010000104,zisboajre,OWNER
NL74BEEH0010000105,vodgmbgdu,OWNER
NL74BEEH0010000105,utmhdfeep,OWNER
NL74BEEH0010000105,zisboajre,OWNER
NL47BEEH0010000106,utmhdfeep,OWNER
NL47BEEH0010000106,zisboajre,OWNER
NL20BEEH0010000107,utmhdfeep,OWNER
NL20BEEH0010000107,zisboajre,OWNER
NL90BEEH0010000108,zisboajre,OWNER
NL90BEEH0010000108,ifjhxkmqt,OWNER
NL90BEEH0010000108,jdenqxdlb,OWNER
NL63BEEH0010000109,zisboajre,OWNER
NL63BEEH0010000109,ifjhxkmqt,OWNER
NL63BEEH0010000109,jdenqxdlb,OWNER
NL36BEEH0010000110,ifjhxkmqt,OWNER
NL36BEEH0010000110,jdenqxdlb,OWNER
NL09BEEH0010000111,ifjhxkmqt,OWNER
NL09BEEH0010000111,jdenqxdlb,OWNER
NL79BEEH0010000112,jdenqxdlb,OWNER
NL79BEEH0010000112,sfdzevwkp,OWNER
NL79BEEH0010000112,djhwldxxp,OWNER
NL52BEEH0010000113,jdenqxdlb,OWNER
NL52BEEH0010000113,sfdzevwkp,OWNER
NL52BEEH0010000113,djhwldxxp,OWNER
NL25BEEH0010000114,sfdzevwkp,OWNER
NL25BEEH0010000114,djhwldxxp,OWNER
NL25BEEH0010000114,jtlihvozf,OWNER
NL95BEEH0010000115,sfdzevwkp,OWNER
NL95BEEH0010000115,djhwldxxp,OWNER
NL95BEEH0010000115,jtlihvozf,OWNER
NL68BEEH0010000116,djhwldxxp,OWNER
NL68BEEH0010000116,jtlihvozf,OWNER
NL68BEEH0010000116,pkylsapjr,OWNER
NL41BEEH0010000117,djhwldxxp,OWNER
NL41BEEH0010000117,jtlihvozf,OWNER
NL41BEEH0010000117,pkylsapjr,OWNER
NL14BEEH0010000118,jtlihvozf,OWNER
NL84BEEH0010000119,jtlihvozf,OWNER
NL57BEEH0010000120,pkylsapjr,OWNER
NL57BEEH0010000120,pkfordhkh,OWNER
NL57BEEH0010000120,khmqaqmur,OWNER
NL30BEEH0010000121,pkylsapjr,OWNER
NL30BEEH0010000121,pkfordhkh,OWNER
NL30BEEH0010000121,khmqaqmur,OWNER
NL03BEEH0010000122,pkfordhkh,OWNER
NL03BEEH0010000122,khmqaqmur,OWNER
NL03BEEH0010000122,vvubnadha,OWNER
NL73BEEH0010000123,pkfordhkh,OWNER
NL73BEEH0010000123,khmqaqmur,OWNER
NL73BEEH0010000123,vvubnadha,OWNER
NL46BEEH0010000124,khmqaqmur,OWNER
NL46BEEH0010000124,vvubnadha,OWNER
NL46BEEH0010000124,qclkyvpvr,OWNER
NL19BEEH0010000125,khmqaqmur,OWNER
NL19BEEH0010000125,vvubnadha,OWNER
NL19BEEH0010000125,qclkyvpvr,OWNER
NL89BEEH0010000126,vvubnadha,OWNER
NL89BEEH0010000126,qclkyvpvr,OWNER
NL62BEEH0010000127,vvubnadha,OWNER
NL62BEEH0010000127,qclkyvpvr,OWNER
NL35BEEH0010000128,qclkyvpvr,OWNER
NL35BEEH0010000128,ffcttkjmm,OWNER
NL35BEEH0010000128,iamclfeaw,OWNER
NL08BEEH0010000129,qclkyvpvr,OWNER
NL08BEEH0010000129,ffcttkjmm,OWNER
NL08BEEH0010000129,iamclfeaw,OWNER
NL78BEEH0010000130,ffcttkjmm,OWNER
NL78BEEH0010000130,iamclfeaw,OWNER
NL51BEEH0010000131,ffcttkjmm,OWNER
NL51BEEH0010000131,iamclfeaw,OWNER
NL24BEEH0010000132,iamclfeaw,OWNER
NL24BEEH0010000132,helzgaquy,OWNER
NL94BEEH0010000133,iamclfeaw,OWNER
NL94BEEH0010000133,helzgaquy,OWNER
NL67BEEH0010000134,helzgaquy,OWNER
NL67BEEH0010000134,iaslmgojo,OWNER
NL40BEEH0010000135,helzgaquy,OWNER
NL40BEEH0010000135,iaslmgojo,OWNER
NL13BEEH0010000136,iaslmgojo,OWNER
NL83BEEH0010000137,iaslmgojo,OWNER
NL56BEEH0010000138,nphhwiivo,OWNER
NL56BEEH0010000138,hisgzfknt,OWNER
NL56BEEH0010000138,sfpvaglyt,OWNER
NL29BEEH0010000139,nphhwiivo,OWNER
NL29BEEH0010000139,hisgzfknt,OWNER
NL29BEEH0010000139,sfpvaglyt,OWNER
NL02BEEH0010000140,hisgzfknt,OWNER
NL02BEEH0010000140,sfpvaglyt,OWNER
NL02BEEH0010000140,clicasnrd,OWNER
NL72BEEH0010000141,hisgzfknt,OWNER
NL72BEEH0010000141,sfpvaglyt,OWNER
NL72BEEH0010000141,clicasnrd,OWNER
NL45BEEH0010000142,sfpvaglyt,OWNER
NL45BEEH0010000142,clicasnrd,OWNER
NL18BEEH0010000143,sfpvaglyt,OWNER
NL18BEEH0010000143,clicasnrd,OWNER
NL88BEEH0010000144,clicasnrd,OWNER
NL88BEEH0010000144,tdracxxhi,OWNER
NL61BEEH0010000145,clicasnrd,OWNER
NL61BEEH0010000145,tdracxxhi,OWNER
NL34BEEH0010000146,tdracxxhi,OWNER
NL34BEEH0010000146,bbcslvtbk,OWNER
NL34BEEH0010000146,petarfcdl,OWNER
NL07BEEH0010000147,tdracxxhi,OWNER
NL07BEEH0010000147,bbcslvtbk,OWNER
NL07BEEH0010000147,petarfcdl,OWNER
NL77BEEH0010000148,bbcslvtbk,OWNER
NL77BEEH0010000148,petarfcdl,OWNER
NL77BEEH0010000148,wkerssmhi,OWNER
NL50BEEH0010000149,bbcslvtbk,OWNER
NL50BEEH0010000149,petarfcdl,OWNER
NL50BEEH0010000149,wkerssmhi,OWNER
NL23BEEH0010000150,petarfcdl,OWNER
NL93BEEH0010000151,petarfcdl,OWNER
NL66BEEH0010000152,wkerssmhi,OWNER
NL66BEEH0010000152,tnpoavxzb,OWNER
NL39BEEH0010000153,wkerssmhi,OWNER
NL39BEEH0010000153,tnpoavxzb,OWNER
NL12BEEH0010000154,tnpoavxzb,OWNER
NL12BEEH0010000154,iheaybkbj,OWNER
NL82BEEH0010000155,tnpoavxzb,OWNER
NL82BEEH0010000155,iheaybkbj,OWNER
NL55BEEH0010000156,iheaybkbj,OWNER
NL55BEEH0010000156,lvdypsake,OWNER
NL55BEEH0010000156,mhbwsmsax,OWNER
NL28BEEH0010000157,iheaybkbj,OWNER
NL28BEEH0010000157,lvdypsake,OWNER
NL28BEEH0010000157,mhbwsmsax,OWNER
NL98BEEH0010000158,lvdypsake,OWNER
NL98BEEH0010000158,mhbwsmsax,OWNER
NL98BEEH0010000158,iybdityxm,OWNER
NL71BEEH0010000159,lvdypsake,OWNER
NL71BEEH0010000159,mhbwsmsax,OWNER
NL71BEEH0010000159,iybdityxm,OWNER
NL44BEEH0010000160,mhbwsmsax,OWNER
NL44BEEH0010000160,iybdityxm,OWNER
NL17BEEH0010000161,mhbwsmsax,OWNER
NL17BEEH0010000161,iybdityxm,OWNER
NL87BEEH0010000162,iybdityxm,OWNER
NL87BEEH0010000162,yrlfzfxuh,OWNER
NL60BEEH0010000163,iybdityxm,OWNER
NL60BEEH0010000163,yrlfzfxuh,OWNER
NL33BEEH0010000164,yrlfzfxuh,OWNER
NL33BEEH0010000164,tehocuajs,OWNER
NL06BEEH0010000165,yrlfzfxuh,OWNER
NL06BEEH0010000165,tehocuajs,OWNER
NL76BEEH0010000166,tehocuajs,OWNER
NL76BEEH0010000166,anxdvtqtr,OWNER
NL76BEEH0010000166,lwwpbgjse,OWNER
NL49BEEH0010000167,tehocuajs,OWNER
NL49BEEH0010000167,anxdvtqtr,OWNER
NL49BEEH0010000167,lwwpbgjse,OWNER
NL22BEEH0010000168,anxdvtqtr,OWNER
NL92BEEH0010000169,anxdvtqtr,OWNER
NL65BEEH0010000170,lwwpbgjse,OWNER
NL65BEEH0010000170,jftioualt,OWNER
NL65BEEH0010000170,romenrufa,OWNER
NL38BEEH0010000171,lwwpbgjse,OWNER
NL38BEEH0010000171,jftioualt,OWNER
NL38BEEH0010000171,romenrufa,OWNER
NL11BEEH0010000172,jftioualt,OWNER
NL11BEEH0010000172,romenrufa,OWNER
NL81BEEH0010000173,jftioualt,OWNER
NL81BEEH0010000173,romenrufa,OWNER
NL54BEEH0010000174,romenrufa,OWNER
NL27BEEH0010000175,romenrufa,OWNER
NL97BEEH0010000176,ejpqvafpb,OWNER
NL70BEEH0010000177,ejpqvafpb,OWNER
NL43BEEH0010000178,lncbquume,OWNER
NL43BEEH0010000178,fcvfrmlnq,OWNER
NL43BEEH0010000178,lvahdwxrz,OWNER
NL16BEEH0010000179,lncbquume,OWNER
NL16BEEH0010000179,fcvfrmlnq,OWNER
NL16BEEH0010000179,lvahdwxrz,OWNER
NL86BEEH0010000180,fcvfrmlnq,OWNER
NL86BEEH0010000180,lvahdwxrz,OWNER
NL59BEEH0010000181,fcvfrmlnq,OWNER
NL59BEEH0010000181,lvahdwxrz,OWNER
NL32BEEH0010000182,lvahdwxrz,OWNER
NL32BEEH0010000182,hofcbjqxo,OWNER
NL05BEEH0010000183,lvahdwxrz,OWNER
NL05BEEH0010000183,hofcbjqxo,OWNER
NL75BEEH0010000184,hofcbjqxo,OWNER
NL75BEEH0010000184,icacdliru,OWNER
NL75BEEH0010000184,ndxmwmxmr,OWNER
NL48BEEH0010000185,hofcbjqxo,OWNER
NL48BEEH0010000185,icacdliru,OWNER
NL48BEEH0010000185,ndxmwmxmr,OWNER
NL21BEEH0010000186,icacdliru,OWNER
NL21BEEH0010000186,ndxmwmxmr,OWNER
NL21BEEH0010000186,psvgucdes,OWNER
NL91BEEH0010000187,icacdliru,OWNER
NL91BEEH0010000187,ndxmwmxmr,OWNER
NL91BEEH0010000187,psvgucdes,OWNER
NL64BEEH0010000188,ndxmwmxmr,OWNER
NL64BEEH0010000188,psvgucdes,OWNER
NL64BEEH0010000188,ptrauvtiy,OWNER
NL37BEEH0010000189,ndxmwmxmr,OWNER
NL37BEEH0010000189,psvgucdes,OWNER
NL37BEEH0010000189,ptrauvtiy,OWNER
NL10BEEH0010000190,psvgucdes,OWNER
NL80BEEH0010000191,psvgucdes,OWNER
NL53BEEH0010000192,ptrauvtiy,OWNER
NL53BEEH0010000192,juuvtkmrq,OWNER
NL26BEEH0010000193,ptrauvtiy,OWNER
NL26BEEH0010000193,juuvtkmrq,OWNER
NL96BEEH0010000194,juuvtkmrq,OWNER
NL69BEEH0010000195,juuvtkmrq,OWNER
NL42BEEH0010000196,fifryehzi,OWNER
NL42BEEH0010000196,vzuzszskl,OWNER
NL15BEEH0010000197,fifryehzi,OWNER
NL15BEEH0010000197,vzuzszskl,OWNER
NL85BEEH0010000198,vzuzszskl,OWNER
NL85BEEH0010000198,ekfihkfed,OWNER
NL58BEEH0010000199,vzuzszskl,OWNER
NL58BEEH0010000199,ekfihkfed,OWNER
NL31BEEH0010000200,ekfihkfed,OWNER
NL31BEEH0010000200,epscfpoik,OWNER
NL31BEEH0010000200,mfcsqhhxo,OWNER
NL04BEEH0010000201,ekfihkfed,OWNER
NL04BEEH0010000201,epscfpoik,OWNER
NL04BEEH0010000201,mfcsqhhxo,OWNER
NL74BEEH0010000202,epscfpoik,OWNER
NL74BEEH0010000202,mfcsqhhxo,OWNER
NL47BEEH0010000203,epscfpoik,OWNER
NL47BEEH0010000203,mfcsqhhxo,OWNER
NL20BEEH0010000204,mfcsqhhxo,OWNER
NL90BEEH0010000205,mfcsqhhxo,OWNER
NL63BEEH0010000206,ftohabvoi,OWNER
NL36BEEH0010000207,ftohabvoi,OWNER
NL09BEEH0010000208,mcmgjnahu,OWNER
NL09BEEH0010000208,xvvbjwghh,OWNER
NL09BEEH0010000208,nbcctrjvc,OWNER
NL79BEEH0010000209,mcmgjnahu,OWNER
NL79BEEH0010000209,xvvbjwghh,OWNER
NL79BEEH0010000209,nbcctrjvc,OWNER
NL52BEEH0010000210,xvvbjwghh,OWNER
NL52BEEH0010000210,nbcctrjvc,OWNER
NL25BEEH0010000211,xvvbjwghh,OWNER
NL25BEEH0010000211,nbcctrjvc,OWNER
NL95BEEH0010000212,nbcctrjvc,OWNER
NL68BEEH0010000213,nbcctrjvc,OWNER
NL41BEEH0010000214,wzbftffpo,OWNER
NL41BEEH0010000214,kutylriwc,OWNER
NL14BEEH0010000215,wzbftffpo,OWNER
NL14BEEH0010000215,kutylriwc,OWNER
NL84BEEH0010000216,kutylriwc,OWNER
NL84BEEH0010000216,qehfzpooo,OWNER
NL84BEEH0010000216,nhulmpmzd,OWNER
NL57BEEH0010000217,kutylriwc,OWNER
NL57BEEH0010000217,qehfzpooo,OWNER
NL57BEEH0010000217,nhulmpmzd,OWNER
NL30BEEH0010000218,qehfzpooo,OWNER
NL03BEEH0010000219,qehfzpooo,OWNER
NL73BEEH0010000220,nhulmpmzd,OWNER
NL73BEEH0010000220,htwjzmjat,OWNER
NL46BEEH0010000221,nhulmpmzd,OWNER
NL46BEEH0010000221,htwjzmjat,OWNER
NL19BEEH0010000222,htwjzmjat,OWNER
NL89BEEH0010000223,htwjzmjat,OWNER
NL62BEEH0010000224,gurcxypjb,OWNER
NL35BEEH0010000225,gurcxypjb,OWNER
NL08BEEH0010000226,paoxjnbfx,OWNER
NL08BEEH0010000226,axhvasmqn,OWNER
NL08BEEH0010000226,ewgwozcwf,OWNER
NL78BEEH0010000227,paoxjnbfx,OWNER
NL78BEEH0010000227,axhvasmqn,OWNER
NL78BEEH0010000227,ewgwozcwf,OWNER
NL51BEEH0010000228,axhvasmqn,OWNER
NL24BEEH0010000229,axhvasmqn,OWNER
NL94BEEH0010000230,ewgwozcwf,OWNER
NL67BEEH0010000231,ewgwozcwf,OWNER
NL40BEEH0010000232,xowcyhjqd,OWNER
NL13BEEH0010000233,xowcyhjqd,OWNER
NL83BEEH0010000234,glokfnsby,OWNER
NL83BEEH0010000234,pzoapacob,OWNER
NL56BEEH0010000235,glokfnsby,OWNER
NL56BEEH0010000235,pzoapacob,OWNER
NL29BEEH0010000236,pzoapacob,OWNER
NL29BEEH0010000236,jtagzsjbp,OWNER
NL29BEEH0010000236,qjukloxfo,OWNER
NL02BEEH0010000237,pzoapacob,OWNER
NL02BEEH0010000237,jtagzsjbp,OWNER
NL02BEEH0010000237,qjukloxfo,OWNER
NL72BEEH0010000238,jtagzsjbp,OWNER
NL45BEEH0010000239,jtagzsjbp,OWNER
NL18BEEH0010000240,qjukloxfo,OWNER
NL88BEEH0010000241,qjukloxfo,OWNER
NL61BEEH0010000242,hycbmfuxb,OWNER
NL61BEEH0010000242,jvrhwpixs,OWNER
NL61BEEH0010000242,tugmptijo,OWNER
NL34BEEH0010000243,hycbmfuxb,OWNER
NL34BEEH0010000243,jvrhwpixs,OWNER
NL34BEEH0010000243,tugmptijo,OWNER
NL07BEEH0010000244,jvrhwpixs,OWNER
NL07BEEH0010000244,tugmptijo,OWNER
NL07BEEH0010000244,thbhhoupf,OWNER
NL77BEEH0010000245,jvrhwpixs,OWNER
NL77BEEH0010000245,tugmptijo,OWNER
NL77BEEH0010000245,thbhhoupf,OWNER
NL50BEEH0010000246,tugmptijo,OWNER
NL50BEEH0010000246,thbhhoupf,OWNER
NL23BEEH0010000247,tugmptijo,OWNER
NL23BEEH0010000247,thbhhoupf,OWNER
NL93BEEH0010000248,thbhhoupf,OWNER
NL93BEEH0010000248,mynfduazm,OWNER
NL93BEEH0010000248,hmlmzxiqw,OWNER
NL66BEEH0010000249,thbhhoupf,OWNER
NL66BEEH0010000249,mynfduazm,OWNER
NL66BEEH0010000249,hmlmzxiqw,OWNER
NL39BEEH0010000250,mynfduazm,OWNER
NL39BEEH0010000250,hmlmzxiqw,OWNER
NL12BEEH0010000251,mynfduazm,OWNER
NL12BEEH0010000251,hmlmzxiqw,OWNER
NL82BEEH0010000252,hmlmzxiqw,OWNER
NL82BEEH0010000252,dydlmvlnp,OWNER
NL55BEEH0010000253,hmlmzxiqw,OWNER
NL55BEEH0010000253,dydlmvlnp,OWNER
NL28BEEH0010000254,dydlmvlnp,OWNER
NL28BEEH0010000254,dvyyjofbs,OWNER
NL28BEEH0010000254,akkzkphdv,OWNER
NL98BEEH0010000255,dydlmvlnp,OWNER
NL98BEEH0010000255,dvyyjofbs,OWNER
NL98BEEH0010000255,akkzkphdv,OWNER
NL71BEEH0010000256,dvyyjofbs,OWNER
NL71BEEH0010000256,akkzkphdv,OWNER
NL44BEEH0010000257,dvyyjofbs,OWNER
NL44BEEH0010000257,akkzkphdv,OWNER
NL17BEEH0010000258,akkzkphdv,OWNER
NL17BEEH0010000258,jwemudznd,OWNER
NL17BEEH0010000258,xdljodzhw,OWNER
NL87BEEH0010000259,akkzkphdv,OWNER
NL87BEEH0010000259,jwemudznd,OWNER
NL87BEEH0010000259,xdljodzhw,OWNER
NL60BEEH0010000260,jwemudznd,OWNER
NL33BEEH0010000261,jwemudznd,OWNER
NL06BEEH0010000262,xdljodzhw,OWNER
NL76BEEH0010000263,xdljodzhw,OWNER
NL49BEEH0010000264,qlyhhlzkd,OWNER
NL49BEEH0010000264,woboechve,OWNER
NL22BEEH0010000265,qlyhhlzkd,OWNER
NL22BEEH0010000265,woboechve,OWNER
NL92BEEH0010000266,woboechve,OWNER
NL92BEEH0010000266,ynrwficew,OWNER
NL65BEEH0010000267,woboechve,OWNER
NL65BEEH0010000267,ynrwficew,OWNER
NL38BEEH0010000268,ynrwficew,OWNER
NL38BEEH0010000268,unmsdfyri,OWNER
NL38BEEH0010000268,uhgazxtxd,OWNER
NL11BEEH0010000269,ynrwficew,OWNER
NL11BEEH0010000269,unmsdfyri,OWNER
NL11BEEH0010000269,uhgazxtxd,OWNER
NL81BEEH0010000270,unmsdfyri,OWNER
NL54BEEH0010000271,unmsdfyri,OWNER
NL27BEEH0010000272,uhgazxtxd,OWNER
NL27BEEH0010000272,oczspqhzf,OWNER
NL97BEEH0010000273,uhgazxtxd,OWNER
NL97BEEH0010000273,oczspqhzf,OWNER
NL70BEEH0010000274,oczspqhzf,OWNER
NL70BEEH0010000274,xupfmzyvr,OWNER
NL70BEEH0010000274,pcqvfapzt,OWNER
NL43BEEH0010000275,oczspqhzf,OWNER
NL43BEEH0010000275,xupfmzyvr,OWNER
NL43BEEH0010000275,pcqvfapzt,OWNER
NL16BEEH0010000276,xupfmzyvr,OWNER
NL86BEEH0010000277,xupfmzyvr,OWNER
NL59BEEH0010000278,pcqvfapzt,OWNER
NL59BEEH0010000278,wsyqoliyf,OWNER
NL32BEEH0010000279,pcqvfapzt,OWNER
NL32BEEH0010000279,wsyqoliyf,OWNER
NL05BEEH0010000280,wsyqoliyf,OWNER
NL05BEEH0010000280,nhmcehgcf,OWNER
NL05BEEH0010000280,myqrbualx,OWNER
NL75BEEH0010000281,wsyqoliyf,OWNER
NL75BEEH0010000281,nhmcehgcf,OWNER
NL75BEEH0010000281,myqrbualx,OWNER
NL48BEEH0010000282,nhmcehgcf,OWNER
NL48BEEH0010000282,myqrbualx,OWNER
NL48BEEH0010000282,gmqodsccw,OWNER
NL21BEEH0010000283,nhmcehgcf,OWNER
NL21BEEH0010000283,myqrbualx,OWNER
NL21BEEH0010000283,gmqodsccw,OWNER
NL91BEEH0010000284,myqrbualx,OWNER
NL91BEEH0010000284,gmqodsccw,OWNER
NL91BEEH0010000284,ypcxmasfn,OWNER
NL64BEEH0010000285,myqrbualx,OWNER
NL64BEEH0010000285,gmqodsccw,OWNER
NL64BEEH0010000285,ypcxmasfn,OWNER
NL37BEEH0010000286,gmqodsccw,OWNER
NL37BEEH0010000286,ypcxmasfn,OWNER
NL10BEEH0010000287,gmqodsccw,OWNER
NL10BEEH0010000287,ypcxmasfn,OWNER
NL80BEEH0010000288,ypcxmasfn,OWNER
NL53BEEH0010000289,ypcxmasfn,OWNER
NL26BEEH0010000290,xolkmbeoh,OWNER
NL96BEEH0010000291,xolkmbeoh,OWNER
NL69BEEH0010000292,utkvxaxrz,OWNER
NL69BEEH0010000292,ubexrtwlp,OWNER
NL69BEEH0010000292,dxbguwqdw,OWNER
NL42BEEH0010000293,utkvxaxrz,OWNER
NL42BEEH0010000293,ubexrtwlp,OWNER
NL42BEEH0010000293,dxbguwqdw,OWNER
NL15BEEH0010000294,ubexrtwlp,OWNER
NL15BEEH0010000294,dxbguwqdw,OWNER
NL85BEEH0010000295,ubexrtwlp,OWNER
NL85BEEH0010000295,dxbguwqdw,OWNER
NL58BEEH0010000296,dxbguwqdw,OWNER
NL58BEEH0010000296,nuiriwukh,OWNER
NL31BEEH0010000297,dxbguwqdw,OWNER
NL31BEEH0010000297,nuiriwukh,OWNER
NL04BEEH0010000298,nuiriwukh,OWNER
NL04BEEH0010000298,hxyogtgwk,OWNER
NL04BEEH0010000298,zevgdxjdk,OWNER
NL74BEEH0010000299,nuiriwukh,OWNER
NL74BEEH0010000299,hxyogtgwk,OWNER
NL74BEEH0010000299,zevgdxjdk,OWNER
NL47BEEH0010000300,hxyogtgwk,OWNER
NL47BEEH0010000300,zevgdxjdk,OWNER
NL47BEEH0010000300,zdmlxgkid,OWNER
NL20BEEH0010000301,hxyogtgwk,OWNER
NL20BEEH0010000301,zevgdxjdk,OWNER
NL20BEEH0010000301,zdmlxgkid,OWNER
NL90BEEH0010000302,zevgdxjdk,OWNER
NL90BEEH0010000302,zdmlxgkid,OWNER
NL63BEEH0010000303,zevgdxjdk,OWNER
NL63BEEH0010000303,zdmlxgkid,OWNER
NL36BEEH0010000304,zdmlxgkid,OWNER
NL09BEEH0010000305,zdmlxgkid,OWNER
NL79BEEH0010000306,tqkofznob,OWNER
NL52BEEH0010000307,tqkofznob,OWNER
NL25BEEH0010000308,ebvlllgtm,OWNER
NL25BEEH0010000308,xbdkrvahk,OWNER
NL25BEEH0010000308,daadaxtbj,OWNER
NL95BEEH0010000309,ebvlllgtm,OWNER
NL95BEEH0010000309,xbdkrvahk,OWNER
NL95BEEH0010000309,daadaxtbj,OWNER
NL68BEEH0010000310,xbdkrvahk,OWNER
NL68BEEH0010000310,daadaxtbj,OWNER
NL41BEEH0010000311,xbdkrvahk,OWNER
NL41BEEH0010000311,daadaxtbj,OWNER
NL14BEEH0010000312,daadaxtbj,OWNER
NL14BEEH0010000312,qousfjens,OWNER
NL14BEEH0010000312,ehcsihlzm,OWNER
NL84BEEH0010000313,daadaxtbj,OWNER
NL84BEEH0010000313,qousfjens,OWNER
NL84BEEH0010000313,ehcsihlzm,OWNER
NL57BEEH0010000314,qousfjens,OWNER
NL57BEEH0010000314,ehcsihlzm,OWNER
NL30BEEH0010000315,qousfjens,OWNER
NL30BEEH0010000315,ehcsihlzm,OWNER
NL03BEEH0010000316,ehcsihlzm,OWNER
NL03BEEH0010000316,noeakiziz,OWNER
NL73BEEH0010000317,ehcsihlzm,OWNER
NL73BEEH0010000317,noeakiziz,OWNER
NL46BEEH0010000318,noeakiziz,OWNER
NL46BEEH0010000318,hragtyghe,OWNER
NL46BEEH0010000318,rkrbvjpur,OWNER
NL19BEEH0010000319,noeakiziz,OWNER
NL19BEEH0010000319,hragtyghe,OWNER
NL19BEEH0010000319,rkrbvjpur,OWNER
NL89BEEH0010000320,hragtyghe,OWNER
NL62BEEH0010000321,hragtyghe,OWNER
NL35BEEH0010000322,rkrbvjpur,OWNER
NL35BEEH0010000322,piquwacyu,OWNER
NL08BEEH0010000323,rkrbvjpur,OWNER
NL08BEEH0010000323,piquwacyu,OWNER
NL78BEEH0010000324,piquwacyu,OWNER
NL78BEEH0010000324,wmfgdqkkr,OWNER
NL51BEEH0010000325,piquwacyu,OWNER
NL51BEEH0010000325,wmfgdqkkr,OWNER
NL24BEEH0010000326,wmfgdqkkr,OWNER
NL94BEEH0010000327,wmfgdqkkr,OWNER
NL67BEEH0010000328,jteevtmow,OWNER
NL67BEEH0010000328,ezfxgqoqp,OWNER
NL67BEEH0010000328,zxebowhjq,OWNER
NL40BEEH0010000329,jteevtmow,OWNER
NL40BEEH0010000329,ezfxgqoqp,OWNER
NL40BEEH0010000329,zxebowhjq,OWNER
NL13BEEH0010000330,ezfxgqoqp,OWNER
NL13BEEH0010000330,zxebowhjq,OWNER
NL13BEEH0010000330,djjpklrke,OWNER
NL83BEEH0010000331,ezfxgqoqp,OWNER
NL83BEEH0010000331,zxebowhjq,OWNER
NL83BEEH0010000331,djjpklrke,OWNER
NL56BEEH0010000332,zxebowhjq,OWNER
NL56BEEH0010000332,djjpklrke,OWNER
NL56BEEH0010000332,jkbgelzdz,OWNER
NL29BEEH0010000333,zxebowhjq,OWNER
NL29BEEH0010000333,djjpklrke,OWNER
NL29BEEH0010000333,jkbgelzdz,OWNER
NL02BEEH0010000334,djjpklrke,OWNER
NL72BEEH0010000335,djjpklrke,OWNER
NL45BEEH0010000336,jkbgelzdz,OWNER
NL45BEEH0010000336,jjlbexjjp,OWNER
NL18BEEH0010000337,jkbgelzdz,OWNER
NL18BEEH0010000337,jjlbexjjp,OWNER
NL88BEEH0010000338,jjlbexjjp,OWNER
NL88BEEH0010000338,wyeoduxfm,OWNER
NL61BEEH0010000339,jjlbexjjp,OWNER
NL61BEEH0010000339,wyeoduxfm,OWNER
NL34BEEH0010000340,wyeoduxfm,OWNER
NL07BEEH0010000341,wyeoduxfm,OWNER
NL77BEEH0010000342,tlxktzqqu,OWNER
NL77BEEH0010000342,fkblonvta,OWNER
NL50BEEH0010000343,tlxktzqqu,OWNER
NL50BEEH0010000343,fkblonvta,OWNER
NL23BEEH0010000344,fkblonvta,OWNER
NL93BEEH0010000345,fkblonvta,OWNER
NL66BEEH0010000346,spsmzrgnk,OWNER
NL39BEEH0010000347,spsmzrgnk,OWNER
NL12BEEH0010000348,rwuzxjemc,OWNER
NL82BEEH0010000349,rwuzxjemc,OWNER
NL55BEEH0010000350,tcbsxvmet,OWNER
NL28BEEH0010000351,tcbsxvmet,OWNER
NL98BEEH0010000352,rcosysveb,OWNER
NL98BEEH0010000352,tfxheixae,OWNER
NL98BEEH0010000352,toejvbwzp,OWNER
NL71BEEH0010000353,rcosysveb,OWNER
NL71BEEH0010000353,tfxheixae,OWNER
NL71BEEH0010000353,toejvbwzp,OWNER
NL44BEEH0010000354,tfxheixae,OWNER
NL44BEEH0010000354,toejvbwzp,OWNER
NL17BEEH0010000355,tfxheixae,OWNER
NL17BEEH0010000355,toejvbwzp,OWNER
NL87BEEH0010000356,toejvbwzp,OWNER
NL60BEEH0010000357,toejvbwzp,OWNER
NL33BEEH0010000358,wqnvqmhsk,OWNER
NL33BEEH0010000358,fdphmtlgf,OWNER
NL33BEEH0010000358,nrkrjnneg,OWNER
NL06BEEH0010000359,wqnvqmhsk,OWNER
NL06BEEH0010000359,fdphmtlgf,OWNER
NL06BEEH0010000359,nrkrjnneg,OWNER
NL76BEEH0010000360,fdphmtlgf,OWNER
NL76BEEH0010000360,nrkrjnneg,OWNER
NL76BEEH0010000360,swjkezsdz,OWNER
NL49BEEH0010000361,fdphmtlgf,OWNER
NL49BEEH0010000361,nrkrjnneg,OWNER
NL49BEEH0010000361,swjkezsdz,OWNER
NL22BEEH0010000362,nrkrjnneg,OWNER
NL22BEEH0010000362,swjkezsdz,OWNER
NL92BEEH0010000363,nrkrjnneg,OWNER
NL92BEEH0010000363,swjkezsdz,OWNER
NL65BEEH0010000364,swjkezsdz,OWNER
NL38BEEH0010000365,swjkezsdz,OWNER
NL11BEEH0010000366,dsmohxcyp,OWNER
NL81BEEH0010000367,dsmohxcyp,OWNER
NL54BEEH0010000368,biwnesnfv,OWNER
NL27BEEH0010000369,biwnesnfv,OWNER
NL97BEEH0010000370,wzyjnpxcc,OWNER
NL97BEEH0010000370,cwzgxubrg,OWNER
NL97BEEH0010000370,oxidkrvro,OWNER
NL70BEEH0010000371,wzyjnpxcc,OWNER
NL70BEEH0010000371,cwzgxubrg,OWNER
NL70BEEH0010000371,oxidkrvro,OWNER
NL43BEEH0010000372,cwzgxubrg,OWNER
NL16BEEH0010000373,cwzgxubrg,OWNER
NL86BEEH0010000374,oxidkrvro,OWNER
NL86BEEH0010000374,eluwwyhqq,OWNER
NL59BEEH0010000375,oxidkrvro,OWNER
NL59BEEH0010000375,eluwwyhqq,OWNER
NL32BEEH0010000376,eluwwyhqq,OWNER
NL05BEEH0010000377,eluwwyhqq,OWNER
NL75BEEH0010000378,mxzbouade,OWNER
NL48BEEH0010000379,mxzbouade,OWNER
NL21BEEH0010000380,wmydcnzia,OWNER
NL21BEEH0010000380,jdfwizdxi,OWNER
NL91BEEH0010000381,wmydcnzia,OWNER
NL91BEEH0010000381,jdfwizdxi,OWNER
NL64BEEH0010000382,jdfwizdxi,OWNER
NL64BEEH0010000382,uspirnotp,OWNER
NL64BEEH0010000382,xobxhivmh,OWNER
NL37BEEH0010000383,jdfwizdxi,OWNER
NL37BEEH0010000383,uspirnotp,OWNER
NL37BEEH0010000383,xobxhivmh,OWNER
NL10BEEH0010000384,uspirnotp,OWNER
NL80BEEH0010000385,uspirnotp,OWNER
NL53BEEH0010000386,xobxhivmh,OWNER
NL53BEEH0010000386,tykoqluhv,OWNER
NL26BEEH0010000387,xobxhivmh,OWNER
NL26BEEH0010000387,tykoqluhv,OWNER
NL96BEEH0010000388,tykoqluhv,OWNER
NL96BEEH0010000388,faiidggvk,OWNER
NL96BEEH0010000388,vjkqabusi,OWNER
NL69BEEH0010000389,tykoqluhv,OWNER
NL69BEEH0010000389,faiidggvk,OWNER
NL69BEEH0010000389,vjkqabusi,OWNER
NL42BEEH0010000390,faiidggvk,OWNER
NL42BEEH0010000390,vjkqabusi,OWNER
NL42BEEH0010000390,sczeqfqhc,OWNER
NL15BEEH0010000391,faiidggvk,OWNER
NL15BEEH0010000391,vjkqabusi,OWNER
NL15BEEH0010000391,sczeqfqhc,OWNER
NL85BEEH0010000392,vjkqabusi,OWNER
NL85BEEH0010000392,sczeqfqhc,OWNER
NL58BEEH0010000393,vjkqabusi,OWNER
NL58BEEH0010000393,sczeqfqhc,OWNER
NL31BEEH0010000394,sczeqfqhc,OWNER
NL31BEEH0010000394,zeqhsmyvg,OWNER
NL31BEEH0010000394,rqallxozc,OWNER
NL04BEEH0010000395,sczeqfqhc,OWNER
NL04BEEH0010000395,zeqhsmyvg,OWNER
NL04BEEH0010000395,rqallxozc,OWNER
NL74BEEH0010000396,zeqhsmyvg,OWNER
NL47BEEH0010000397,zeqhsmyvg,OWNER
NL20BEEH0010000398,rqallxozc,OWNER
NL20BEEH0010000398,alyiffnqu,OWNER
NL90BEEH0010000399,rqallxozc,OWNER
NL90BEEH0010000399,alyiffnqu,OWNER
NL63BEEH0010000400,alyiffnqu,OWNER
NL36BEEH0010000401,alyiffnqu,OWNER
NL09BEEH0010000402,ssmamyain,OWNER
NL09BEEH0010000402,kivrbadhw,OWNER
NL79BEEH0010000403,ssmamyain,OWNER
NL79BEEH0010000403,kivrbadhw,OWNER
NL52BEEH0010000404,kivrbadhw,OWNER
NL25BEEH0010000405,kivrbadhw,OWNER
NL95BEEH0010000406,boucmwzjv,OWNER
NL68BEEH0010000407,boucmwzjv,OWNER
NL41BEEH0010000408,soukigwaq,OWNER
NL41BEEH0010000408,vjasamdra,OWNER
NL41BEEH0010000408,kaalonnnz,OWNER
NL14BEEH0010000409,soukigwaq,OWNER
NL14BEEH0010000409,vjasamdra,OWNER
NL14BEEH0010000409,kaalonnnz,OWNER
NL84BEEH0010000410,vjasamdra,OWNER
NL84BEEH0010000410,kaalonnnz,OWNER
NL84BEEH0010000410,hznigxttk,OWNER
NL57BEEH0010000411,vjasamdra,OWNER
NL57BEEH0010000411,kaalonnnz,OWNER
NL57BEEH0010000411,hznigxttk,OWNER
NL30BEEH0010000412,kaalonnnz,OWNER
NL30BEEH0010000412,hznigxttk,OWNER
NL03BEEH0010000413,kaalonnnz,OWNER
NL03BEEH0010000413,hznigxttk,OWNER
NL73BEEH0010000414,hznigxttk,OWNER
NL46BEEH0010000415,hznigxttk,OWNER
NL19BEEH0010000416,czkozlbdk,OWNER
NL19BEEH0010000416,toowriosr,OWNER
NL19BEEH0010000416,xnbdlqrqz,OWNER
NL89BEEH0010000417,czkozlbdk,OWNER
NL89BEEH0010000417,toowriosr,OWNER
NL89BEEH0010000417,xnbdlqrqz,OWNER
NL62BEEH0010000418,toowriosr,OWNER
NL62BEEH0010000418,xnbdlqrqz,OWNER
NL62BEEH0010000418,hrzkfsizy,OWNER
NL35BEEH0010000419,toowriosr,OWNER
NL35BEEH0010000419,xnbdlqrqz,OWNER
NL35BEEH0010000419,hrzkfsizy,OWNER
NL08BEEH0010000420,xnbdlqrqz,OWNER
NL08BEEH0010000420,hrzkfsizy,OWNER
NL78BEEH0010000421,xnbdlqrqz,OWNER
NL78BEEH0010000421,hrzkfsizy,OWNER
NL51BEEH0010000422,hrzkfsizy,OWNER
NL51BEEH0010000422,qeyyfcuph,OWNER
NL24BEEH0010000423,hrzkfsizy,OWNER
NL24BEEH0010000423,qeyyfcuph,OWNER
NL94BEEH0010000424,qeyyfcuph,OWNER
NL67BEEH0010000425,qeyyfcuph,OWNER
NL40BEEH0010000426,yegarpecu,OWNER
NL40BEEH0010000426,omjrdzrxb,OWNER
NL40BEEH0010000426,xklsoccvz,OWNER
NL13BEEH0010000427,yegarpecu,OWNER
NL13BEEH0010000427,omjrdzrxb,OWNER
NL13BEEH0010000427,xklsoccvz,OWNER
NL83BEEH0010000428,omjrdzrxb,OWNER
NL83BEEH0010000428,xklsoccvz,OWNER
NL83BEEH0010000428,fmbjlthuj,OWNER
NL83BEEH0010000428,kigvtycfv,OWNER
NL56BEEH0010000429,omjrdzrxb,OWNER
NL56BEEH0010000429,xklsoccvz,OWNER
NL56BEEH0010000429,fmbjlthuj,OWNER
NL56BEEH0010000429,kigvtycfv,OWNER
NL29BEEH0010000430,vodgmbgdu,OWNER
NL29BEEH0010000430,utmhdfeep,OWNER
NL29BEEH0010000430,zisboajre,OWNER
NL02BEEH0010000431,vodgmbgdu,OWNER
NL02BEEH0010000431,utmhdfeep,OWNER
NL02BEEH0010000431,zisboajre,OWNER
NL72BEEH0010000432,utmhdfeep,OWNER
NL45BEEH0010000433,utmhdfeep,OWNER
NL18BEEH0010000434,zisboajre,OWNER
NL18BEEH0010000434,ifjhxkmqt,OWNER
NL18BEEH0010000434,jdenqxdlb,OWNER
NL88BEEH0010000435,zisboajre,OWNER
NL88BEEH0010000435,ifjhxkmqt,OWNER
NL88BEEH0010000435,jdenqxdlb,OWNER
NL96BEEH0010000000,vodgmbgdu,AUTHORIZED
NL96BEEH0010000000,utmhdfeep,AUTHORIZED
NL96BEEH0010000000,zisboajre,AUTHORIZED
NL96BEEH0010000000,ifjhxkmqt,AUTHORIZED
NL96BEEH0010000000,jdenqxdlb,AUTHORIZED
NL69BEEH0010000001,vodgmbgdu,AUTHORIZED
NL69BEEH0010000001,utmhdfeep,AUTHORIZED
NL69BEEH0010000001,zisboajre,AUTHORIZED
NL69BEEH0010000001,ifjhxkmqt,AUTHORIZED
NL69BEEH0010000001,jdenqxdlb,AUTHORIZED
NL42BEEH0010000002,vodgmbgdu,AUTHORIZED
NL42BEEH0010000002,utmhdfeep,AUTHORIZED
NL42BEEH0010000002,zisboajre,AUTHORIZED
NL42BEEH0010000002,ifjhxkmqt,AUTHORIZED
NL42BEEH0010000002,jdenqxdlb,AUTHORIZED
NL15BEEH0010000003,vodgmbgdu,AUTHORIZED
NL15BEEH0010000003,utmhdfeep,AUTHORIZED
NL15BEEH0010000003,zisboajre,AUTHORIZED
NL15BEEH0010000003,ifjhxkmqt,AUTHORIZED
NL15BEEH0010000003,jdenqxdlb,AUTHORIZED
NL85BEEH0010000004,sfdzevwkp,AUTHORIZED
NL85BEEH0010000004,djhwldxxp,AUTHORIZED
NL58BEEH0010000005,jtlihvozf,AUTHORIZED
NL58BEEH0010000005,pkylsapjr,AUTHORIZED
NL58BEEH0010000005,pkfordhkh,AUTHORIZED
NL58BEEH0010000005,khmqaqmur,AUTHORIZED
NL58BEEH0010000005,vvubnadha,AUTHORIZED
NL31BEEH0010000006,jtlihvozf,AUTHORIZED
NL31BEEH0010000006,pkylsapjr,AUTHORIZED
NL31BEEH0010000006,pkfordhkh,AUTHORIZED
NL31BEEH0010000006,khmqaqmur,AUTHORIZED
NL31BEEH0010000006,vvubnadha,AUTHORIZED
NL04BEEH0010000007,jtlihvozf,AUTHORIZED
NL04BEEH0010000007,pkylsapjr,AUTHORIZED
NL04BEEH0010000007,pkfordhkh,AUTHORIZED
NL04BEEH0010000007,khmqaqmur,AUTHORIZED
NL04BEEH0010000007,vvubnadha,AUTHORIZED
NL74BEEH0010000008,jtlihvozf,AUTHORIZED
NL74BEEH0010000008,pkylsapjr,AUTHORIZED
NL74BEEH0010000008,pkfordhkh,AUTHORIZED
NL74BEEH0010000008,khmqaqmur,AUTHORIZED
NL74BEEH0010000008,vvubnadha,AUTHORIZED
NL47BEEH0010000009,qclkyvpvr,AUTHORIZED
NL47BEEH0010000009,ffcttkjmm,AUTHORIZED
NL47BEEH0010000009,iamclfeaw,AUTHORIZED
NL20BEEH0010000010,qclkyvpvr,AUTHORIZED
NL20BEEH0010000010,ffcttkjmm,AUTHORIZED
NL20BEEH0010000010,iamclfeaw,AUTHORIZED
NL90BEEH0010000011,helzgaquy,AUTHORIZED
NL90BEEH0010000011,iaslmgojo,AUTHORIZED
NL63BEEH0010000012,helzgaquy,AUTHORIZED
NL63BEEH0010000012,iaslmgojo,AUTHORIZED
NL36BEEH0010000013,helzgaquy,AUTHORIZED
NL36BEEH0010000013,iaslmgojo,AUTHORIZED
NL09BEEH0010000014,helzgaquy,AUTHORIZED
NL09BEEH0010000014,iaslmgojo,AUTHORIZED
NL79BEEH0010000015,nphhwiivo,AUTHORIZED
NL79BEEH0010000015,hisgzfknt,AUTHORIZED
NL79BEEH0010000015,sfpvaglyt,AUTHORIZED
NL79BEEH0010000015,clicasnrd,AUTHORIZED
NL52BEEH0010000016,nphhwiivo,AUTHORIZED
NL52BEEH0010000016,hisgzfknt,AUTHORIZED
NL52BEEH0010000016,sfpvaglyt,AUTHORIZED
NL52BEEH0010000016,clicasnrd,AUTHORIZED
NL25BEEH0010000017,nphhwiivo,AUTHORIZED
NL25BEEH0010000017,hisgzfknt,AUTHORIZED
NL25BEEH0010000017,sfpvaglyt,AUTHORIZED
NL25BEEH0010000017,clicasnrd,AUTHORIZED
NL95BEEH0010000018,tdracxxhi,AUTHORIZED
NL95BEEH0010000018,bbcslvtbk,AUTHORIZED
NL95BEEH0010000018,petarfcdl,AUTHORIZED
NL95BEEH0010000018,wkerssmhi,AUTHORIZED
NL95BEEH0010000018,tnpoavxzb,AUTHORIZED
NL68BEEH0010000019,tdracxxhi,AUTHORIZED
NL68BEEH0010000019,bbcslvtbk,AUTHORIZED
NL68BEEH0010000019,petarfcdl,AUTHORIZED
NL68BEEH0010000019,wkerssmhi,AUTHORIZED
NL68BEEH0010000019,tnpoavxzb,AUTHORIZED
NL41BEEH0010000020,iheaybkbj,AUTHORIZED
NL41BEEH0010000020,lvdypsake,AUTHORIZED
NL41BEEH0010000020,mhbwsmsax,AUTHORIZED
NL14BEEH0010000021,iheaybkbj,AUTHORIZED
NL14BEEH0010000021,lvdypsake,AUTHORIZED
NL14BEEH0010000021,mhbwsmsax,AUTHORIZED
NL84BEEH0010000022,iheaybkbj,AUTHORIZED
NL84BEEH0010000022,lvdypsake,AUTHORIZED
NL84BEEH0010000022,mhbwsmsax,AUTHORIZED
NL57BEEH0010000023,iybdityxm,AUTHORIZED
NL57BEEH0010000023,yrlfzfxuh,AUTHORIZED
NL57BEEH0010000023,tehocuajs,AUTHORIZED
NL57BEEH0010000023,anxdvtqtr,AUTHORIZED
NL30BEEH0010000024,lwwpbgjse,AUTHORIZED
NL30BEEH0010000024,jftioualt,AUTHORIZED
NL30BEEH0010000024,romenrufa,AUTHORIZED
NL30BEEH0010000024,ejpqvafpb,AUTHORIZED
NL30BEEH0010000024,lncbquume,AUTHORIZED
NL03BEEH0010000025,lwwpbgjse,AUTHORIZED
NL03BEEH0010000025,jftioualt,AUTHORIZED
NL03BEEH0010000025,romenrufa,AUTHORIZED
NL03BEEH0010000025,ejpqvafpb,AUTHORIZED
NL03BEEH0010000025,lncbquume,AUTHORIZED
NL73BEEH0010000026,lwwpbgjse,AUTHORIZED
NL73BEEH0010000026,jftioualt,AUTHORIZED
NL73BEEH0010000026,romenrufa,AUTHORIZED
NL73BEEH0010000026,ejpqvafpb,AUTHORIZED
NL73BEEH0010000026,lncbquume,AUTHORIZED
NL46BEEH0010000027,fcvfrmlnq,AUTHORIZED
NL46BEEH0010000027,lvahdwxrz,AUTHORIZED
NL19BEEH0010000028,hofcbjqxo,AUTHORIZED
NL19BEEH0010000028,icacdliru,AUTHORIZED
NL19BEEH0010000028,ndxmwmxmr,AUTHORIZED
NL19BEEH0010000028,psvgucdes,AUTHORIZED
NL19BEEH0010000028,ptrauvtiy,AUTHORIZED
NL89BEEH0010000029,hofcbjqxo,AUTHORIZED
NL89BEEH0010000029,icacdliru,AUTHORIZED
NL89BEEH0010000029,ndxmwmxmr,AUTHORIZED
NL89BEEH0010000029,psvgucdes,AUTHORIZED
NL89BEEH0010000029,ptrauvtiy,AUTHORIZED
NL62BEEH0010000030,hofcbjqxo,AUTHORIZED
NL62BEEH0010000030,icacdliru,AUTHORIZED
NL62BEEH0010000030,ndxmwmxmr,AUTHORIZED
NL62BEEH0010000030,psvgucdes,AUTHORIZED
NL62BEEH0010000030,ptrauvtiy,AUTHORIZED
NL35BEEH0010000031,hofcbjqxo,AUTHORIZED
NL35BEEH0010000031,icacdliru,AUTHORIZED
NL35BEEH0010000031,ndxmwmxmr,AUTHORIZED
NL35BEEH0010000031,psvgucdes,AUTHORIZED
NL35BEEH0010000031,ptrauvtiy,AUTHORIZED
NL08BEEH0010000032,juuvtkmrq,AUTHORIZED
NL08BEEH0010000032,fifryehzi,AUTHORIZED
NL08BEEH0010000032,vzuzszskl,AUTHORIZED
NL78BEEH0010000033,ekfihkfed,AUTHORIZED
NL78BEEH0010000033,epscfpoik,AUTHORIZED
NL78BEEH0010000033,mfcsqhhxo,AUTHORIZED
NL78BEEH0010000033,ftohabvoi,AUTHORIZED
NL51BEEH0010000034,ekfihkfed,AUTHORIZED
NL51BEEH0010000034,epscfpoik,AUTHORIZED
NL51BEEH0010000034,mfcsqhhxo,AUTHORIZED
NL51BEEH0010000034,ftohabvoi,AUTHORIZED
NL24BEEH0010000035,ekfihkfed,AUTHORIZED
NL24BEEH0010000035,epscfpoik,AUTHORIZED
NL24BEEH0010000035,mfcsqhhxo,AUTHORIZED
NL24BEEH0010000035,ftohabvoi,AUTHORIZED
NL94BEEH0010000036,mcmgjnahu,AUTHORIZED
NL94BEEH0010000036,xvvbjwghh,AUTHORIZED
NL94BEEH0010000036,nbcctrjvc,AUTHORIZED
NL94BEEH0010000036,wzbftffpo,AUTHORIZED
NL94BEEH0010000036,kutylriwc,AUTHORIZED
NL67BEEH0010000037,mcmgjnahu,AUTHORIZED
NL67BEEH0010000037,xvvbjwghh,AUTHORIZED
NL67BEEH0010000037,nbcctrjvc,AUTHORIZED
NL67BEEH0010000037,wzbftffpo,AUTHORIZED
NL67BEEH0010000037,kutylriwc,AUTHORIZED
NL40BEEH0010000038,mcmgjnahu,AUTHORIZED
NL40BEEH0010000038,xvvbjwghh,AUTHORIZED
NL40BEEH0010000038,nbcctrjvc,AUTHORIZED
NL40BEEH0010000038,wzbftffpo,AUTHORIZED
NL40BEEH0010000038,kutylriwc,AUTHORIZED
NL13BEEH0010000039,qehfzpooo,AUTHORIZED
NL13BEEH0010000039,nhulmpmzd,AUTHORIZED
NL83BEEH0010000040,qehfzpooo,AUTHORIZED
NL83BEEH0010000040,nhulmpmzd,AUTHORIZED
NL56BEEH0010000041,qehfzpooo,AUTHORIZED
NL56BEEH0010000041,nhulmpmzd,AUTHORIZED
NL29BEEH0010000042,htwjzmjat,AUTHORIZED
NL29BEEH0010000042,gurcxypjb,AUTHORIZED
NL29BEEH0010000042,paoxjnbfx,AUTHORIZED
NL29BEEH0010000042,axhvasmqn,AUTHORIZED
NL02BEEH0010000043,htwjzmjat,AUTHORIZED
NL02BEEH0010000043,gurcxypjb,AUTHORIZED
NL02BEEH0010000043,paoxjnbfx,AUTHORIZED
NL02BEEH0010000043,axhvasmqn,AUTHORIZED
NL72BEEH0010000044,ewgwozcwf,AUTHORIZED
NL72BEEH0010000044,xowcyhjqd,AUTHORIZED
NL72BEEH0010000044,glokfnsby,AUTHORIZED
NL72BEEH0010000044,pzoapacob,AUTHORIZED
NL45BEEH0010000045,jtagzsjbp,AUTHORIZED
NL45BEEH0010000045,qjukloxfo,AUTHORIZED
NL18BEEH0010000046,jtagzsjbp,AUTHORIZED
NL18BEEH0010000046,qjukloxfo,AUTHORIZED
NL88BEEH0010000047,jtagzsjbp,AUTHORIZED
NL88BEEH0010000047,qjukloxfo,AUTHORIZED
NL61BEEH0010000048,jtagzsjbp,AUTHORIZED
NL61BEEH0010000048,qjukloxfo,AUTHORIZED
NL34BEEH0010000049,hycbmfuxb,AUTHORIZED
NL34BEEH0010000049,jvrhwpixs,AUTHORIZED
NL34BEEH0010000049,tugmptijo,AUTHORIZED
NL34BEEH0010000049,thbhhoupf,AUTHORIZED
NL07BEEH0010000050,hycbmfuxb,AUTHORIZED
NL07BEEH0010000050,jvrhwpixs,AUTHORIZED
NL07BEEH0010000050,tugmptijo,AUTHORIZED
NL07BEEH0010000050,thbhhoupf,AUTHORIZED
NL77BEEH0010000051,hycbmfuxb,AUTHORIZED
NL77BEEH0010000051,jvrhwpixs,AUTHORIZED
NL77BEEH0010000051,tugmptijo,AUTHORIZED
NL77BEEH0010000051,thbhhoupf,AUTHORIZED
NL50BEEH0010000052,mynfduazm,AUTHORIZED
NL50BEEH0010000052,hmlmzxiqw,AUTHORIZED
NL50BEEH0010000052,dydlmvlnp,AUTHORIZED
NL23BEEH0010000053,dvyyjofbs,AUTHORIZED
NL23BEEH0010000053,akkzkphdv,AUTHORIZED
NL23BEEH0010000053,jwemudznd,AUTHORIZED
NL93BEEH0010000054,xdljodzhw,AUTHORIZED
NL93BEEH0010000054,qlyhhlzkd,AUTHORIZED
NL93BEEH0010000054,woboechve,AUTHORIZED
NL66BEEH0010000055,xdljodzhw,AUTHORIZED
NL66BEEH0010000055,qlyhhlzkd,AUTHORIZED
NL66BEEH0010000055,woboechve,AUTHORIZED
NL39BEEH0010000056,ynrwficew,AUTHORIZED
NL39BEEH0010000056,unmsdfyri,AUTHORIZED
NL39BEEH0010000056,uhgazxtxd,AUTHORIZED
NL12BEEH0010000057,ynrwficew,AUTHORIZED
NL12BEEH0010000057,unmsdfyri,AUTHORIZED
NL12BEEH0010000057,uhgazxtxd,AUTHORIZED
NL82BEEH0010000058,ynrwficew,AUTHORIZED
NL82BEEH0010000058,unmsdfyri,AUTHORIZED
NL82BEEH0010000058,uhgazxtxd,AUTHORIZED
NL55BEEH0010000059,oczspqhzf,AUTHORIZED
NL55BEEH0010000059,xupfmzyvr,AUTHORIZED
NL55BEEH0010000059,pcqvfapzt,AUTHORIZED
NL55BEEH0010000059,wsyqoliyf,AUTHORIZED
NL28BEEH0010000060,oczspqhzf,AUTHORIZED
NL28BEEH0010000060,xupfmzyvr,AUTHORIZED
NL28BEEH0010000060,pcqvfapzt,AUTHORIZED
NL28BEEH0010000060,wsyqoliyf,AUTHORIZED
NL98BEEH0010000061,oczspqhzf,AUTHORIZED
NL98BEEH0010000061,xupfmzyvr,AUTHORIZED
NL98BEEH0010000061,pcqvfapzt,AUTHORIZED
NL98BEEH0010000061,wsyqoliyf,AUTHORIZED
NL71BEEH0010000062,nhmcehgcf,AUTHORIZED
NL71BEEH0010000062,myqrbualx,AUTHORIZED
NL44BEEH0010000063,nhmcehgcf,AUTHORIZED
NL44BEEH0010000063,myqrbualx,AUTHORIZED
NL17BEEH0010000064,nhmcehgcf,AUTHORIZED
NL17BEEH0010000064,myqrbualx,AUTHORIZED
NL87BEEH0010000065,nhmcehgcf,AUTHORIZED
NL87BEEH0010000065,myqrbualx,AUTHORIZED
NL60BEEH0010000066,gmqodsccw,AUTHORIZED
NL60BEEH0010000066,ypcxmasfn,AUTHORIZED
NL60BEEH0010000066,xolkmbeoh,AUTHORIZED
NL60BEEH0010000066,utkvxaxrz,AUTHORIZED
NL60BEEH0010000066,ubexrtwlp,AUTHORIZED
NL33BEEH0010000067,gmqodsccw,AUTHORIZED
NL33BEEH0010000067,ypcxmasfn,AUTHORIZED
NL33BEEH0010000067,xolkmbeoh,AUTHORIZED
NL33BEEH0010000067,utkvxaxrz,AUTHORIZED
NL33BEEH0010000067,ubexrtwlp,AUTHORIZED
NL06BEEH0010000068,dxbguwqdw,AUTHORIZED
NL06BEEH0010000068,nuiriwukh,AUTHORIZED
NL06BEEH0010000068,hxyogtgwk,AUTHORIZED
NL06BEEH0010000068,zevgdxjdk,AUTHORIZED
NL76BEEH0010000069,dxbguwqdw,AUTHORIZED
NL76BEEH0010000069,nuiriwukh,AUTHORIZED
NL76BEEH0010000069,hxyogtgwk,AUTHORIZED
NL76BEEH0010000069,zevgdxjdk,AUTHORIZED
NL49BEEH0010000070,dxbguwqdw,AUTHORIZED
NL49BEEH0010000070,nuiriwukh,AUTHORIZED
NL49BEEH0010000070,hxyogtgwk,AUTHORIZED
NL49BEEH0010000070,zevgdxjdk,AUTHORIZED
NL22BEEH0010000071,dxbguwqdw,AUTHORIZED
NL22BEEH0010000071,nuiriwukh,AUTHORIZED
NL22BEEH0010000071,hxyogtgwk,AUTHORIZED
NL22BEEH0010000071,zevgdxjdk,AUTHORIZED
NL92BEEH0010000072,zdmlxgkid,AUTHORIZED
NL92BEEH0010000072,tqkofznob,AUTHORIZED
NL92BEEH0010000072,ebvlllgtm,AUTHORIZED
NL65BEEH0010000073,zdmlxgkid,AUTHORIZED
NL65BEEH0010000073,tqkofznob,AUTHORIZED
NL65BEEH0010000073,ebvlllgtm,AUTHORIZED
NL38BEEH0010000074,zdmlxgkid,AUTHORIZED
NL38BEEH0010000074,tqkofznob,AUTHORIZED
NL38BEEH0010000074,ebvlllgtm,AUTHORIZED
NL11BEEH0010000075,xbdkrvahk,AUTHORIZED
NL11BEEH0010000075,daadaxtbj,AUTHORIZED
NL11BEEH0010000075,qousfjens,AUTHORIZED
NL11BEEH0010000075,ehcsihlzm,AUTHORIZED
NL11BEEH0010000075,noeakiziz,AUTHORIZED
NL81BEEH0010000076,xbdkrvahk,AUTHORIZED
NL81BEEH0010000076,daadaxtbj,AUTHORIZED
NL81BEEH0010000076,qousfjens,AUTHORIZED
NL81BEEH0010000076,ehcsihlzm,AUTHORIZED
NL81BEEH0010000076,noeakiziz,AUTHORIZED
NL54BEEH0010000077,hragtyghe,AUTHORIZED
NL54BEEH0010000077,rkrbvjpur,AUTHORIZED
NL54BEEH0010000077,piquwacyu,AUTHORIZED
NL27BEEH0010000078,hragtyghe,AUTHORIZED
NL27BEEH0010000078,rkrbvjpur,AUTHORIZED
NL27BEEH0010000078,piquwacyu,AUTHORIZED
NL97BEEH0010000079,wmfgdqkkr,AUTHORIZED
NL97BEEH0010000079,jteevtmow,AUTHORIZED
NL70BEEH0010000080,wmfgdqkkr,AUTHORIZED
NL70BEEH0010000080,jteevtmow,AUTHORIZED
NL43BEEH0010000081,wmfgdqkkr,AUTHORIZED
NL43BEEH0010000081,jteevtmow,AUTHORIZED
NL16BEEH0010000082,ezfxgqoqp,AUTHORIZED
NL16BEEH0010000082,zxebowhjq,AUTHORIZED
NL16BEEH0010000082,djjpklrke,AUTHORIZED
NL86BEEH0010000083,ezfxgqoqp,AUTHORIZED
NL86BEEH0010000083,zxebowhjq,AUTHORIZED
NL86BEEH0010000083,djjpklrke,AUTHORIZED
NL59BEEH0010000084,jkbgelzdz,AUTHORIZED
NL59BEEH0010000084,jjlbexjjp,AUTHORIZED
NL59BEEH0010000084,wyeoduxfm,AUTHORIZED
NL59BEEH0010000084,tlxktzqqu,AUTHORIZED
NL32BEEH0010000085,jkbgelzdz,AUTHORIZED
NL32BEEH0010000085,jjlbexjjp,AUTHORIZED
NL32BEEH0010000085,wyeoduxfm,AUTHORIZED
NL32BEEH0010000085,tlxktzqqu,AUTHORIZED
NL05BEEH0010000086,jkbgelzdz,AUTHORIZED
NL05BEEH0010000086,jjlbexjjp,AUTHORIZED
NL05BEEH0010000086,wyeoduxfm,AUTHORIZED
NL05BEEH0010000086,tlxktzqqu,AUTHORIZED
NL75BEEH0010000087,fkblonvta,AUTHORIZED
NL75BEEH0010000087,spsmzrgnk,AUTHORIZED
NL48BEEH0010000088,fkblonvta,AUTHORIZED
NL48BEEH0010000088,spsmzrgnk,AUTHORIZED
NL21BEEH0010000089,rwuzxjemc,AUTHORIZED
NL21BEEH0010000089,tcbsxvmet,AUTHORIZED
NL21BEEH0010000089,rcosysveb,AUTHORIZED
NL91BEEH0010000090,rwuzxjemc,AUTHORIZED
NL91BEEH0010000090,tcbsxvmet,AUTHORIZED
NL91BEEH0010000090,rcosysveb,AUTHORIZED
NL64BEEH0010000091,rwuzxjemc,AUTHORIZED
NL64BEEH0010000091,tcbsxvmet,AUTHORIZED
NL64BEEH0010000091,rcosysveb,AUTHORIZED
NL37BEEH0010000092,tfxheixae,AUTHORIZED
NL37BEEH0010000092,toejvbwzp,AUTHORIZED
NL10BEEH0010000093,tfxheixae,AUTHORIZED
NL10BEEH0010000093,toejvbwzp,AUTHORIZED
NL80BEEH0010000094,wqnvqmhsk,AUTHORIZED
NL80BEEH0010000094,fdphmtlgf,AUTHORIZED
NL80BEEH0010000094,nrkrjnneg,AUTHORIZED
NL80BEEH0010000094,swjkezsdz,AUTHORIZED
NL53BEEH0010000095,wqnvqmhsk,AUTHORIZED
NL53BEEH0010000095,fdphmtlgf,AUTHORIZED
NL53BEEH0010000095,nrkrjnneg,AUTHORIZED
NL53BEEH0010000095,swjkezsdz,AUTHORIZED
NL26BEEH0010000096,wqnvqmhsk,AUTHORIZED
NL26BEEH0010000096,fdphmtlgf,AUTHORIZED
NL26BEEH0010000096,nrkrjnneg,AUTHORIZED
NL26BEEH0010000096,swjkezsdz,AUTHORIZED
NL96BEEH0010000097,wqnvqmhsk,AUTHORIZED
NL96BEEH0010000097,fdphmtlgf,AUTHORIZED
NL96BEEH0010000097,nrkrjnneg,AUTHORIZED
NL96BEEH0010000097,swjkezsdz,AUTHORIZED
NL69BEEH0010000098,dsmohxcyp,AUTHORIZED
NL69BEEH0010000098,biwnesnfv,AUTHORIZED
NL69BEEH0010000098,wzyjnpxcc,AUTHORIZED
NL69BEEH0010000098,cwzgxubrg,AUTHORIZED
NL69BEEH0010000098,oxidkrvro,AUTHORIZED
NL42BEEH0010000099,dsmohxcyp,AUTHORIZED
NL42BEEH0010000099,biwnesnfv,AUTHORIZED
NL42BEEH0010000099,wzyjnpxcc,AUTHORIZED
NL42BEEH0010000099,cwzgxubrg,AUTHORIZED
NL42BEEH0010000099,oxidkrvro,AUTHORIZED
NL15BEEH0010000100,dsmohxcyp,AUTHORIZED
NL15BEEH0010000100,biwnesnfv,AUTHORIZED
NL15BEEH0010000100,wzyjnpxcc,AUTHORIZED
NL15BEEH0010000100,cwzgxubrg,AUTHORIZED
NL15BEEH0010000100,oxidkrvro,AUTHORIZED
NL85BEEH0010000101,dsmohxcyp,AUTHORIZED
NL85BEEH0010000101,biwnesnfv,AUTHORIZED
NL85BEEH0010000101,wzyjnpxcc,AUTHORIZED
NL85BEEH0010000101,cwzgxubrg,AUTHORIZED
NL85BEEH0010000101,oxidkrvro,AUTHORIZED
NL58BEEH0010000102,eluwwyhqq,AUTHORIZED
NL58BEEH0010000102,mxzbouade,AUTHORIZED
NL31BEEH0010000103,eluwwyhqq,AUTHORIZED
NL31BEEH0010000103,mxzbouade,AUTHORIZED
