password,username,name,Street,Postalcode,City,State,Country,sex,birthday,email,telephone,bsn,company
 7046228,vodgmbgdu,CUSTOMER,Hannink,Jair,J.U.,Henrick de Keijserplein 74,Amsterdam,1073 SV,Noord-Holland,Netherlands,male,1/16/1961,JairHannink@gustr.com,06-28333333,553553477,Sun Foods
 9155144,utmhdfeep,CUSTOMER,Fekkes,Robby,R.P.,Drentesingel 76,Arnhem,6835 HM,Gelderland,Netherlands,male,7/6/1995,RobbyFekkes@armyspy.com,06-62529424,148343572,Helping Hand
 5404440,zisboajre,CUSTOMER,de Kroon,Viktor,V.F.,Korte Water 188,Amsterdam,1069 GT,Noord-Holland,Netherlands,male,2/4/1952,ViktordeKroon@einrot.com,06-11273424,589574529,Pantry Food Stores
 1787026,ifjhxkmqt,CUSTOMER,Zwagerman,Azra,A.J.,Kastanjestraat 78,Enschede,7545 HX,Overijssel,Netherlands,female,12/3/1941,AzraZwagerman@armyspy.com,06-33037561,290615147,Hill-Behan
 8721988,jdenqxdlb,CUSTOMER,Sambo,Mees,M.Y.,Wolfskuil 125,Cuijk,5431 KA,Noord-Brabant,Netherlands,female,3/1/2006,MeesSambo@rhyta.com,06-51465649,756738453,Gas Zone
 4714060,sfdzevwkp,CUSTOMER,Belder,Yakup,Y.M.,Komsestraat 6,IJzendijke,4515 MB,Zeeland,Netherlands,male,7/2/1982,YakupBelder@fleckens.hu,06-33272370,515789838,Oranges Records & Tapes
 8419466,djhwldxxp,CUSTOMER,Schillemans,Mari,M.D.,Julianastraat 129,Kampen,8262 DL,Overijssel,Netherlands,male,1/13/1970,MariSchillemans@fleckens.hu,06-70091022,195434955,Oranges Records & Tapes
 3592990,jtlihvozf,CUSTOMER,Demirel,Seher,S.Z.,Maasstraat 124,Heesch,5384 NE,Noord-Brabant,Netherlands,female,5/9/1972,SeherDemirel@jourrapide.com,06-80988946,874529495,Ejecta
 8460530,pkylsapjr,CUSTOMER,Frencken,Umar,U.K.,Rijksweg 182,Jirnsum,9011 VB,Friesland,Netherlands,male,12/9/1983,UmarFrencken@armyspy.com,06-39768481,680154466,Megatronic Plus
 3725488,pkfordhkh,CUSTOMER,van der Schaaf,Ipek,I.C.,Vennenweg 14,Epe,8162 NW,Gelderland,Netherlands,female,7/26/1936,IpekvanderSchaaf@jourrapide.com,06-99678275,607643756,Intelacard
 2801356,khmqaqmur,CUSTOMER,Mazereeuw,Tjade,T.M.,Philipp Franz von Sieboldlaan 173,Aalsmeer,1431 KJ,Noord-Holland,Netherlands,male,5/24/1955,TjadeMazereeuw@dayrep.com,06-12650048,784607818,Multicerv
 6586590,vvubnadha,CUSTOMER,van Velzen,Djonno,D.L.,Schapersdijk 162,Kloosterzande,4587 RK,Zeeland,Netherlands,male,2/1/1948,DjonnovanVelzen@jourrapide.com,06-94764644,938731479,Stratagee
 3097662,qclkyvpvr,CUSTOMER,Nuiten,Sjaak,S.S.,Kasteel Doorwerthstraat 160,Tilburg,5037 TT,Noord-Brabant,Netherlands,male,11/2/1963,SjaakNuiten@fleckens.hu,06-88396414,107492599, coremaking
 5619412,ffcttkjmm,CUSTOMER,Vriends,Jelte,J.J.,Wildenhoeksestraat 139,Kruisland,4756 TH,Noord-Brabant,Netherlands,male,1/31/1953,JelteVriends@gustr.com,06-99901623,511809756,Raleigh's
 5832902,iamclfeaw,CUSTOMER,Moorlag,Fiorella,F.G.,Otter 27,Veldhoven,5508 MK,Noord-Brabant,Netherlands,female,4/27/1940,FiorellaMoorlag@einrot.com,06-46453016,711551045,Tower Records
 2576844,helzgaquy,CUSTOMER,Hertogh,Yesim,Y.M.,Lohmanpark 55,Ridderkerk,2982 VS,Zuid-Holland,Netherlands,female,10/10/1944,YesimHertogh@superrito.com,06-61339949,281862980,Afterthoughts
 7228339,iaslmgojo,CUSTOMER,van der Mee,Alihan,A.T.,Edeseweg 176,Bennekom,6721 JT,Gelderland,Netherlands,male,12/15/1975,AlihanvanderMee@gustr.com,06-26664565,796948149,Trak Auto
 6143923,nphhwiivo,CUSTOMER,Smeijers,Josias,J.F.,Wijststraat 57,Heesch,5384 RB,Noord-Brabant,Netherlands,male,10/12/1999,JosiasSmeijers@fleckens.hu,06-98162019,835783975,Dun Rite Lawn Maintenance
 4217091,hisgzfknt,CUSTOMER,Lanser,Xandra,X.M.,Achterloet 67,Uitgeest,1911 CL,Noord-Holland,Netherlands,female,6/8/1977,XandraLanser@jourrapide.com,06-85478734,376199968,Solution Answers
 8866921,sfpvaglyt,CUSTOMER,Stijnen,Fatime,F.T.,Inlaag 23,Wolphaartsdijk,4471 NH,Zeeland,Netherlands,female,5/31/1971,FatimeStijnen@dayrep.com,06-71946574,786370015,Solid Future
 8266529,clicasnrd,CUSTOMER,Smook,Jauke,J.M.,Ingenieur van Stuivenbergweg 94,Ewijk,6644 AA,Gelderland,Netherlands,male,2/12/1958,JaukeSmook@teleworm.us,06-57132934,835565782,Discount Furniture Showcase
 5285773,tdracxxhi,CUSTOMER,Boelens,Marisja,M.E.,Kouvenderstraat 41,Hoensbroek,6431 HK,Limburg,Netherlands,female,8/10/1956,MarisjaBoelens@armyspy.com,06-45588388,419874324,Wellby
 4364993,bbcslvtbk,CUSTOMER,Schreuders,Florence,F.C.,Zaailand 144,Leeuwarden,8911 BM,Friesland,Netherlands,female,9/7/1998,FlorenceSchreuders@jourrapide.com,06-25981539,840209616,Coast to Coast Hardware
 9038307,petarfcdl,CUSTOMER,Erven,Lambertus,L.C.,Molenbrink 46,Monster,2681 EZ,Zuid-Holland,Netherlands,male,7/6/1964,LambertusErven@jourrapide.com,06-90438078,588354851,Waccamaw's Homeplace
 5278559,wkerssmhi,CUSTOMER,Zondag,Jaber,J.J.,Mariapolder 168,Strijensas,3292 LC,Zuid-Holland,Netherlands,male,9/8/1968,JaberZondag@rhyta.com,06-99693116,557756250,The Spotted Cougar
 8266035,tnpoavxzb,CUSTOMER,Hoeve,Özhan,Ö.S.,Trekschuit 114,Heerenveen,8447 CJ,Friesland,Netherlands,male,12/16/1997,OzhanHoeve@fleckens.hu,06-93858379,279393822,Red Robin Stores
 9258142,iheaybkbj,CUSTOMER,Karim,Eelkje,E.A.,Leukenstraat 18,Beegden,6099 AR,Limburg,Netherlands,female,12/1/1938,EelkjeKarim@jourrapide.com,06-78439058,298099100,Powerbod
 8176827,lvdypsake,CUSTOMER,Ackermans,Trinity,T.S.,Verbindingsweg 3,Zoutkamp,9974 PG,Groningen,Netherlands,female,10/31/1965,TrinityAckermans@fleckens.hu,06-83040949,551256559,Benesome
 5233406,mhbwsmsax,CUSTOMER,Verhoek,Pyke,P.L.,Albert Schweitzerlaan 17,Schoonhoven,2871 LC,Zuid-Holland,Netherlands,male,7/19/1964,PykeVerhoek@dayrep.com,06-84030743,700057637,Enviro Architectural Designs
 3496906,iybdityxm,CUSTOMER,Luijk,Coenraad,C.C.,Strawinskirode 58,Zoetermeer,2717 DV,Zuid-Holland,Netherlands,male,12/29/1957,CoenraadLuijk@jourrapide.com,06-33406061,417971729,Crandall's Fine Furniture
 5010456,yrlfzfxuh,CUSTOMER,van Wessel,Lizette,L.N.,Loverpad 98,Blaricum,1261 PW,Noord-Holland,Netherlands,female,6/14/1946,LizettevanWessel@armyspy.com,06-58440545,628796347,Standard Sales
 5034292,tehocuajs,CUSTOMER,de Kort,Sagar,S.A.,Koningshof 138,Pijnacker,2641 GV,Zuid-Holland,Netherlands,male,12/3/1979,SagardeKort@armyspy.com,06-14913635,467026012,University Stereo
 9720881,anxdvtqtr,CUSTOMER,Nieuwenburg,Nuriye,N.S.,Hoveniersberg 44,Roosendaal,4708 HE,Noord-Brabant,Netherlands,female,1/7/1983,NuriyeNieuwenburg@fleckens.hu,06-82815386,506208927,Shabby Chic
 5541837,lwwpbgjse,CUSTOMER,Hermkens,Florieke,F.J.,Westfrankelandsestraat 100,Schiedam,3117 AW,Zuid-Holland,Netherlands,female,9/2/1958,FloriekeHermkens@jourrapide.com,06-69359500,322706361,Buckeye Furniture
 8047810,jftioualt,CUSTOMER,Polak,Asja,A.N.,Liendenhof 91,Amsterdam-Zuidoost,1108 HG,Noord-Holland,Netherlands,female,1/5/1995,AsjaPolak@fleckens.hu,06-33948935,534114234,The Sample
 9074501,romenrufa,CUSTOMER,Berkouwer,Isaäc,I.M.,Veenenburg 49,Hillegom,2182 EH,Zuid-Holland,Netherlands,male,3/15/1966,IsaacBerkouwer@fleckens.hu,06-41676006,383056410,Sherman's
 8746985,ejpqvafpb,CUSTOMER,Trienekens,Charèl,C.E.,Stephensonstraat 98,Hoogeveen,7903 AV,Drenthe,Netherlands,female,12/4/1972,CharelTrienekens@jourrapide.com,06-38011504,954430174,Total Quality
 5357308,lncbquume,CUSTOMER,Limmen,Jools,J.A.,Columbusrede 45,Zoetermeer,2725 KL,Zuid-Holland,Netherlands,female,8/4/1934,JoolsLimmen@cuvox.de,06-26320791,572673300,Jay Jacobs
 2364651,fcvfrmlnq,CUSTOMER,Rikkers,Enno,E.J.,Weegbree 48,Best,5684 JC,Noord-Brabant,Netherlands,male,10/6/1933,EnnoRikkers@gustr.com,06-11153325,455844744,Crazy Eddie
 6449435,lvahdwxrz,CUSTOMER,Zuidhof,Wendell,W.M.,Nijkerkerstraat 81,Hoevelaken,3871 KB,Gelderland,Netherlands,male,2/3/1950,WendellZuidhof@rhyta.com,06-56245518,863492816,Pay 'N Pak
 7323155,hofcbjqxo,CUSTOMER,Jumelet,Gerardina,G.M.,Wilhelminastraat 163,Didam,6942 ET,Gelderland,Netherlands,female,10/27/1958,GerardinaJumelet@jourrapide.com,06-90091548,520326565,The Great Train Stores
 2663989,icacdliru,CUSTOMER,van Hecke,Kamal,K.K.,Broedershof 73,Veghel,5462 EE,Noord-Brabant,Netherlands,male,8/28/1990,KamalvanHecke@rhyta.com,06-46000966,475018401,Wickes Furniture
 2450803,ndxmwmxmr,CUSTOMER,Camp,Imme,I.C.,Koestraat 5,Koningsbosch,6104 AK,Limburg,Netherlands,female,5/3/1938,ImmeCamp@einrot.com,06-33391657,672805538,Lechmere
 6207346,psvgucdes,CUSTOMER,Verdoorn,Huibertje,H.V.,Majanggracht 145,Amsterdam,1019 PW,Noord-Holland,Netherlands,female,2/17/1943,HuibertjeVerdoorn@teleworm.us,06-25828401,102917754,Shoe Pavilion
 7423063,ptrauvtiy,CUSTOMER,van der Slot,Nevra,N.R.,Hatertseweg 122,Nijmegen,6533 AR,Gelderland,Netherlands,female,9/5/1980,NevravanderSlot@einrot.com,06-58139173,447887833,Sambo's
 7690145,juuvtkmrq,CUSTOMER,Amin,Lorenz,L.E.,D.F. Pauwstraat 197,Gorinchem,4205 CM,Zuid-Holland,Netherlands,male,6/17/1950,LorenzAmin@teleworm.us,06-22877284,718170608,Castle Realty
 1737204,fifryehzi,CUSTOMER,Huber,Tomer,T.G.,Rooseveltlaan 113,Amsterdam,1078 NP,Noord-Holland,Netherlands,male,8/15/1987,TomerHuber@gustr.com,06-32888244,646783193,Netaid
 6410867,vzuzszskl,CUSTOMER,Panman,Lis,L.M.,Albert Cuijpstraat 91,Amersfoort,3817 RA,Utrecht,Netherlands,female,5/22/1964,LisPanman@superrito.com,06-53767967,400054715,Mr. AG's
 3554977,ekfihkfed,CUSTOMER,Fleer,Izaak,I.R.,Schelpenhof 117,Den Haag,2492 SW,Zuid-Holland,Netherlands,male,12/5/2002,IzaakFleer@rhyta.com,06-25275167,597107932,Creative Wealth Management
 2572726,epscfpoik,CUSTOMER,Saman,Teunisje,T.J.,President Kennedystraat 118,Vroomshoop,7681 EW,Overijssel,Netherlands,female,2/1/1949,TeunisjeSaman@jourrapide.com,06-16174331,959006936,Oranges Records & Tapes
 5680914,mfcsqhhxo,CUSTOMER,Voorbij,Aymane,A.F.,Zilverbergweg 84,Overasselt,6611 BD,Gelderland,Netherlands,male,11/29/2000,AymaneVoorbij@superrito.com,06-65550691,323849191,Wickes Furniture
 3083317,ftohabvoi,CUSTOMER,Bierman,Cornelie,C.M.,Vera Bondamtuin 157,Heerhugowaard,1705 LW,Noord-Holland,Netherlands,female,2/11/1993,CornelieBierman@rhyta.com,06-36451998,579489266,Buena Vista Garden Maintenance
 4812359,mcmgjnahu,CUSTOMER,Beugels,Anaïs,A.D.,Het Hoge 43,Vorden,7251 XZ,Gelderland,Netherlands,female,5/20/1947,AnaisBeugels@teleworm.us,06-66872184,775695342,JasmineSola
 2025839,xvvbjwghh,CUSTOMER,van Vlaanderen,Hayriye,H.I.,Gebroek 33,Roermond,6043 GT,Limburg,Netherlands,female,4/20/2004,HayriyevanVlaanderen@einrot.com,06-84760587,662923827,HouseWorks!
 3494312,nbcctrjvc,CUSTOMER,Pepers,Steve,S.W.,Witte Klok 131,Amsterdam,1068 ED,Noord-Holland,Netherlands,male,4/17/1999,StevePepers@armyspy.com,06-91218303,629776054,EnviroSource Design
 6162888,wzbftffpo,CUSTOMER,Arling,Abdulkadir,A.M.,Aviatik 132,Soesterberg,3769 JL,Utrecht,Netherlands,male,7/25/1964,AbdulkadirArling@cuvox.de,06-40381872,550295634,Gold Leaf Garden Management
 4527268,kutylriwc,CUSTOMER,Ekinci,Servé,S.C.,Jagersbos 159,Zoetermeer,2716 JD,Zuid-Holland,Netherlands,male,9/6/1987,ServeEkinci@cuvox.de,06-49314221,644438917,Body Fate
 3667878,qehfzpooo,CUSTOMER,Feron,Gloria,G.I.,Prinsesselaan 74,Bergen,1861 EM,Noord-Holland,Netherlands,female,8/21/1982,GloriaFeron@superrito.com,06-15998274,349696574,Sunflower Market
 7478032,nhulmpmzd,CUSTOMER,Makkink,Uilke,U.N.,Mariabad 109,Heerlen,6411 MC,Limburg,Netherlands,male,8/4/1939,UilkeMakkink@rhyta.com,06-91302592,407158274,Burstein-Applebee
 5533195,htwjzmjat,CUSTOMER,van der Voorn,Mattanja,M.N.,Hoofdstraat 12,Voorthuizen,3781 AJ,Gelderland,Netherlands,female,4/19/1939,MattanjavanderVoorn@teleworm.us,06-77116463,957112837,Coconut's
 4143108,gurcxypjb,CUSTOMER,Petit,Kelly,K.A.,De Lauwers 194,Gerkesklooster,9873 RW,Friesland,Netherlands,male,5/2/1953,KellyPetit@superrito.com,06-93041778,359003561,First Rate Choice
 4169997,paoxjnbfx,CUSTOMER,Hansma,Diny,D.B.,Kerkstraat 25,Born,6121 LB,Limburg,Netherlands,female,1/13/1959,DinyHansma@armyspy.com,06-53708565,282045482,The Warner Brothers Store
 1198591,axhvasmqn,CUSTOMER,Colen,Diederik,D.H.,Fresiastraat 104,Wormerveer,1521 WT,Noord-Holland,Netherlands,male,8/2/2009,DiederikColen@einrot.com,06-27940021,471283165,I. Magnin
 2615657,ewgwozcwf,CUSTOMER,van Gurp,Jesse,J.A.,Holtrichtersveld 190,Apeldoorn,7327 DM,Gelderland,Netherlands,male,8/17/1947,JessevanGurp@rhyta.com,06-56476919,185701642,Steak and Ale
 6036680,xowcyhjqd,CUSTOMER,van Pijkeren,Sivar,S.H.,Daltonlaan 154,Zeist,3706 TA,Utrecht,Netherlands,male,3/23/1965,SivarvanPijkeren@cuvox.de,06-88787514,794847576,Leo's Stereo
 9864646,glokfnsby,CUSTOMER,Hooijenga,Vidar,V.I.,Spinet 189,Soest,3766 ZC,Utrecht,Netherlands,male,9/9/1966,VidarHooijenga@armyspy.com,06-63701860,210546242,Vari-Tec
 2738205,pzoapacob,CUSTOMER,van der Hooft,Esri,E.G.,Tortonaplein 12,Zevenaar,6904 MK,Gelderland,Netherlands,female,3/22/1985,EsrivanderHooft@dayrep.com,06-71584310,807631221,Cougar Investment
 5035105,jtagzsjbp,CUSTOMER,Fokkert,Mayra,M.J.,Overschot 171,Bakel,5761 EJ,Noord-Brabant,Netherlands,female,2/24/1948,MayraFokkert@gustr.com,06-60507074,393742465,Lazysize
 1087832,qjukloxfo,CUSTOMER,Vermanen,Vandana,V.J.,Akeleiweg 193,Groningen,9731 JD,Groningen,Netherlands,female,4/26/1988,VandanaVermanen@einrot.com,06-89798933,706187669,Fayva
 7437631,hycbmfuxb,CUSTOMER,Krabbenborg,Lauretta,L.R.,Borrekuilstraat 30,Geleen,6163 AD,Limburg,Netherlands,female,5/9/1950,LaurettaKrabbenborg@jourrapide.com,06-27957298,133514913,Practi-Plan
 8954047,jvrhwpixs,CUSTOMER,Polat,Anne-Sophie,A.D.,Amsterdamsestraatweg 161,Abcoude,1391 AA,Utrecht,Netherlands,female,11/15/1998,Anne-SophiePolat@einrot.com,06-46031032,291713950,Matrix Interior Design
 1433210,tugmptijo,CUSTOMER,Daamen,Melis,M.L.,Parnassiaveld 167,Duivendrecht,1115 EJ,Noord-Holland,Netherlands,male,11/22/1940,MelisDaamen@rhyta.com,06-82544432,783377811,Road Runner Lawn Services
 9338663,thbhhoupf,CUSTOMER,Reekers,Geertjan,G.S.,Konijnenpad 145,Zaandam,1502 RG,Noord-Holland,Netherlands,male,5/14/1980,GeertjanReekers@superrito.com,06-96037517,882137549,Universo Realtors
 9619068,mynfduazm,CUSTOMER,van den Hooven,Gizem,G.H.,De Vore 35,Drachten,9203 GX,Friesland,Netherlands,female,2/2/1953,GizemvandenHooven@armyspy.com,06-80582441,753895382,K&G Distributors
 9052027,hmlmzxiqw,CUSTOMER,van Steijn,Anastasia,A.B.,Koninginneweg 61,Bodegraven,2411 XM,Zuid-Holland,Netherlands,female,11/29/1952,AnastasiavanSteijn@cuvox.de,06-46572483,703154207,Frank and Seder
 6524583,dydlmvlnp,CUSTOMER,Olij,Oebele,O.H.,Antonius van Lieropstraat 126,Heeze,5591 DZ,Noord-Brabant,Netherlands,male,12/20/1976,OebeleOlij@jourrapide.com,06-32551517,335050020,Jafco
 8486418,dvyyjofbs,CUSTOMER,van Beest,Ellemijn,E.G.,Boekelaan 42,Utrecht,3571 XD,Utrecht,Netherlands,female,6/2/1952,EllemijnvanBeest@einrot.com,06-96356930,183072063,Strong Life
 5716968,akkzkphdv,CUSTOMER,Stoter,Kai,K.H.,Patrijsstraat 136,Brummen,6971 VA,Gelderland,Netherlands,female,10/7/1981,KaiStoter@cuvox.de,06-31246185,756742392,Avant Garde Appraisal Group
 6121248,jwemudznd,CUSTOMER,Zondag,Marlin,M.F.,D D van den Boutstraat 10,Goes,4461 HR,Zeeland,Netherlands,male,8/13/1973,MarlinZondag@rhyta.com,06-13669104,344475914,Mode O'Day
 3238818,xdljodzhw,CUSTOMER,Budel,Bareld,B.Z.,Deurningerstraat 1,Enschede,7514 BE,Overijssel,Netherlands,male,4/11/1951,BareldBudel@armyspy.com,06-71633987,117739255,Witmark
 2882061,qlyhhlzkd,CUSTOMER,van Roekel,Marre,M.M.,Ulfterhoek 23,Sevenum,5975 RG,Limburg,Netherlands,female,3/4/1967,MarrevanRoekel@superrito.com,06-89930301,749080335,David Weis
 4698671,woboechve,CUSTOMER,Ruijgrok,Ineke,I.E.,Spoorgracht 39,Den Helder,1781 CD,Noord-Holland,Netherlands,female,10/22/1941,InekeRuijgrok@dayrep.com,06-46448814,984387494,Omni Realty
 7232011,ynrwficew,CUSTOMER,Coomans,Huy,H.M.,Beursjeskruidstraat 149,Almere,1313 DB,Flevoland,Netherlands,male,6/5/2006,HuyCoomans@cuvox.de,06-14104531,828692933,Gamma Realty
 3931875,unmsdfyri,CUSTOMER,Polinder,Yasmien,Y.I.,Anna Bijnsring 143,Apeldoorn,7321 HN,Gelderland,Netherlands,female,3/5/2001,YasmienPolinder@fleckens.hu,06-50820826,416879979,Custom Lawn Care
 4428979,uhgazxtxd,CUSTOMER,Wijffels,Saida,S.W.,Nieuwelaan 171,Delft,2611 SB,Zuid-Holland,Netherlands,female,2/5/1967,SaidaWijffels@dayrep.com,06-48908479,918504966,Perisolution
 6906297,oczspqhzf,CUSTOMER,Dirven,Hussein,H.Z.,Generaal de Bonsweg 91,Velp,5363 ST,Noord-Brabant,Netherlands,male,4/14/1952,HusseinDirven@cuvox.de,06-74063717,167160053,Skaggs-Alpha Beta
 9543611,xupfmzyvr,CUSTOMER,Vermue,Elsien,E.Y.,Steenloperstraat 3,Heinkenszand,4451 GA,Zeeland,Netherlands,female,2/18/1942,ElsienVermue@rhyta.com,06-52073316,758403204,Circus World
 5575550,pcqvfapzt,CUSTOMER,Hoogenboezem,Hermine,H.J.,Oeverpad 46,Amsterdam,1068 PL,Noord-Holland,Netherlands,female,8/14/1979,HermineHoogenboezem@armyspy.com,06-27193127,936288521,Crazy Tiger
 8445158,wsyqoliyf,CUSTOMER,van Reeuwijk,Elianne,E.D.,Loenenseweg 61,Eerbeek,6961 CL,Gelderland,Netherlands,female,8/9/1964,EliannevanReeuwijk@jourrapide.com,06-66112575,874781355,Thriftway Food Mart
 2977107,nhmcehgcf,CUSTOMER,van Kippersluis,Ayman,A.S.,Dorpsstraat 117,Hazerswoude Dorp,2391 CD,Zuid-Holland,Netherlands,male,10/25/1994,AymanvanKippersluis@gustr.com,06-67203274,344917410,Second Time Around
 3533401,myqrbualx,CUSTOMER,Koerts,Ben,B.E.,Lege Hearewei 20,Stiens,9051 BJ,Friesland,Netherlands,male,1/10/1968,BenKoerts@jourrapide.com,06-46310502,850711295,Fragrant Flower Lawn Services
 9688209,gmqodsccw,CUSTOMER,Breur,Corstiaan,C.A.,Valkenlaan 93,Hoogeveen,7905 AB,Drenthe,Netherlands,male,8/14/1966,CorstiaanBreur@superrito.com,06-52510656,509543588,Hamady Bros. Supermarkets
 9916407,ypcxmasfn,CUSTOMER,Pultrum,Monika,M.A.,Voorstadslaan 114,Nijmegen,6541 SN,Gelderland,Netherlands,female,11/18/1983,MonikaPultrum@gustr.com,06-88575418,873618330,Franklin Simon
 9828231,xolkmbeoh,CUSTOMER,Bart,Nikay,N.J.,Karveelstraat 123,Alkmaar,1826 EH,Noord-Holland,Netherlands,male,8/9/1954,NikayBart@gustr.com,06-96219654,795868311,Spaceage Stereo
 6590640,utkvxaxrz,CUSTOMER,Beerepoot,Matthea,M.S.,Moleneindsestraat 153,Hoeven,4741 RK,Noord-Brabant,Netherlands,female,5/16/1999,MattheaBeerepoot@dayrep.com,06-43232773,460250269,Great Western
 4913813,ubexrtwlp,CUSTOMER,Sneep,Zübeyde,Z.C.,T.M.C. Asserplantsoen 51,Zetten,6671 BL,Gelderland,Netherlands,female,7/1/2009,ZubeydeSneep@einrot.com,06-74739874,901524430,World of Fun
 6855080,dxbguwqdw,CUSTOMER,de Heus,Olof,O.T.,Zuidwal 17,Rhenen,3911 KD,Utrecht,Netherlands,male,7/30/1939,OlofdeHeus@cuvox.de,06-83372780,304376104,Witmark
 2685473,nuiriwukh,CUSTOMER,Brocken,Django,D.A.,Johanna Naberstraat 162,Heemskerk,1963 CJ,Noord-Holland,Netherlands,male,10/26/1989,DjangoBrocken@fleckens.hu,06-77307293,147705340,FlowerTime
 4589018,hxyogtgwk,CUSTOMER,El Hamdaoui,Kai,K.D.,Plataanlaan 15,Zaandam,1505 GP,Noord-Holland,Netherlands,male,3/27/1962,KaiElHamdaoui@dayrep.com,06-11784853,652557616,Musicland
 6769751,zevgdxjdk,CUSTOMER,Stoelinga,Jo-anne,J.B.,De Lairessestraat 61,Amsterdam,1075 HK,Noord-Holland,Netherlands,female,5/8/2006,Jo-anneStoelinga@fleckens.hu,06-67707298,436330940,Blue Boar Cafeterias
 9849034,zdmlxgkid,CUSTOMER,op den Kelder,Tika,T.K.,Praagsingel 15,IJsselstein,3404 CM,Utrecht,Netherlands,female,5/23/1994,TikaopdenKelder@dayrep.com,06-30204817,420871983,Corpbay
 8763742,tqkofznob,CUSTOMER,van Ruitenbeek,Gerritdina,G.K.,Flamingostraat 195,Utrecht,3582 SV,Utrecht,Netherlands,female,12/23/1974,GerritdinavanRuitenbeek@einrot.com,06-24135287,159219825,Eli Moore Inc
 6481763,ebvlllgtm,CUSTOMER,Dietz,Winona,W.C.,Papiermolenweg 168,Almere,1333 DG,Flevoland,Netherlands,female,11/4/2002,WinonaDietz@rhyta.com,06-96259493,554931312,Carter's Foods
 2431578,xbdkrvahk,CUSTOMER,Borger,Müslüm,M.L.,De Koperwiek 81,Mariahout,5738 BP,Noord-Brabant,Netherlands,male,11/2/1997,MuslumBorger@einrot.com,06-21277068,176882875,System Star Solutions
 3610486,daadaxtbj,CUSTOMER,Borghuis,Silvijn,S.M.,Boekweithof 194,Berghem,5351 MG,Noord-Brabant,Netherlands,male,2/19/1987,SilvijnBorghuis@einrot.com,06-46937321,986700492,Rickel
 2914420,qousfjens,CUSTOMER,Versteijnen,Glynis,G.R.,Ebro 20,Doetinchem,7007 MC,Gelderland,Netherlands,female,8/19/1984,GlynisVersteijnen@jourrapide.com,06-84916485,610465452,Gottschalks
 8754709,ehcsihlzm,CUSTOMER,Broeren,Archana,A.K.,Vok Koomenweg 155,Hauwert,1692 EN,Noord-Holland,Netherlands,female,7/20/2001,ArchanaBroeren@superrito.com,06-39308765,350445402,Grossman's
 1895698,noeakiziz,CUSTOMER,Kelderman,Xuan,X.L.,Kremerstraat 170,Bergen op Zoom,4611 TR,Noord-Brabant,Netherlands,male,11/3/1958,XuanKelderman@cuvox.de,06-43721668,616980737,Zany Brainy
 9877609,hragtyghe,CUSTOMER,Bronkhorst,Jesse,J.M.,Wierdensestraat 157,Almelo,7607 GJ,Overijssel,Netherlands,female,4/3/1951,JesseBronkhorst@fleckens.hu,06-71330824,494324006,Luskin's
 3457260,rkrbvjpur,CUSTOMER,Hoogenraad,Sipke,S.S.,Soomerwegh 52,Castricum,1902 CE,Noord-Holland,Netherlands,male,4/9/1946,SipkeHoogenraad@cuvox.de,06-48112688,374334480,Planet Profit
 2727334,piquwacyu,CUSTOMER,Klooster,Cas,C.Y.,Mensinge 157,Amsterdam,1083 HC,Noord-Holland,Netherlands,male,11/7/1966,CasKlooster@dayrep.com,06-45806039,818249127,Liberty Wealth Planners
 6296114,wmfgdqkkr,CUSTOMER,van Tussenbroek,Robine,R.K.,Barnar 118,Emmen,7826 ER,Drenthe,Netherlands,female,2/19/1955,RobinevanTussenbroek@jourrapide.com,06-79963964,825021593,Nelson Brothers
 8096382,jteevtmow,CUSTOMER,Hupkens,Mattis,M.A.,Torenlaan 138,Warnsveld,7231 CA,Gelderland,Netherlands,male,5/11/1962,MattisHupkens@einrot.com,06-34778000,275218709,The Jolly Farmer
 9213482,ezfxgqoqp,CUSTOMER,Reijntjes,Veda,V.J.,Kathammerstraat 78,Volendam,1131 AM,Noord-Holland,Netherlands,female,3/26/1960,VedaReijntjes@fleckens.hu,06-70660457,385652303,The Record Shops at TSS
 2685982,zxebowhjq,CUSTOMER,de Kroon,Yaser,Y.H.,Stadhouderslaan 37,Stein,6171 KJ,Limburg,Netherlands,male,5/18/2005,YaserdeKroon@cuvox.de,06-63211404,527139503,d.e.m.o.
 3700880,djjpklrke,CUSTOMER,Zwier,Emy,E.A.,Raaltepad 123,Almere,1324 EV,Flevoland,Netherlands,female,1/15/1950,EmyZwier@fleckens.hu,06-91036981,799869666,Acuserv
 4298605,jkbgelzdz,CUSTOMER,Clements,Kyara,K.T.,Pauwoogpad 38,Rosmalen,5247 KK,Noord-Brabant,Netherlands,female,9/29/1968,KyaraClements@superrito.com,06-43212242,492237460,Record Bar
 9350359,jjlbexjjp,CUSTOMER,Pijper,Fien,F.A.,Muskaatstraat 107,Naaldwijk,2671 SW,Zuid-Holland,Netherlands,female,3/28/1982,FienPijper@fleckens.hu,06-21743990,493152862,Big D Supermarkets
 4896097,wyeoduxfm,CUSTOMER,van Dijken,Bibiane,B.L.,Bernard van Beeklaan 48,Kortenhoef,1241 GA,Noord-Holland,Netherlands,female,11/3/1941,BibianevanDijken@superrito.com,06-74118658,833407273,Fresh Start
 8016278,tlxktzqqu,CUSTOMER,van Rij,Ho,H.N.,Jacob Catsstraat 180,Groningen,9716 GA,Groningen,Netherlands,female,3/13/1951,HovanRij@fleckens.hu,06-69843058,794365827,Custom Lawn Care
 4892159,fkblonvta,CUSTOMER,Dokter,Krystian,K.N.,Noorderkwartier 86,s-Hertogenbosch,5235 JT,Noord-Brabant,Netherlands,male,4/3/1948,KrystianDokter@rhyta.com,06-12118333,466954612,Excella
 4046735,spsmzrgnk,CUSTOMER,van Schuppen,Manuela,M.J.,Dorpsstraat 195,Zevenhuizen,2761 AE,Zuid-Holland,Netherlands,female,12/16/2001,ManuelavanSchuppen@jourrapide.com,06-50392045,292136763,Miller & Rhoads
 7018746,rwuzxjemc,CUSTOMER,Spil,Bülent,B.B.,Kleine Oever 163,Meppel,7941 BK,Drenthe,Netherlands,male,12/4/2004,BulentSpil@dayrep.com,06-25042185,609964214,Grodins
 3424094,tcbsxvmet,CUSTOMER,Eenink,Troy,T.T.,Adriaan Loosjesstraat 45,Haarlem,2032 MC,Noord-Holland,Netherlands,male,6/10/2007,TroyEenink@armyspy.com,06-27054088,121374494,Cal Stereo
 2906013,rcosysveb,CUSTOMER,Bevers,Richtje,R.G.,Meekmawei 112,Hallum,9074 TJ,Friesland,Netherlands,female,11/23/2002,RichtjeBevers@fleckens.hu,06-60540493,598710014,Golden Joy
 1932013,tfxheixae,CUSTOMER,Zweep,Divano,D.K.,Eerste Indumaweg 98,Helmond,5705 BC,Noord-Brabant,Netherlands,male,12/8/1945,DivanoZweep@teleworm.us,06-34722188,833011353,Life Map
 4186977,toejvbwzp,CUSTOMER,Beeftink,Marleen,M.P.,Van Houtenstraat 67,Meppel,7942 CV,Drenthe,Netherlands,female,11/21/1957,MarleenBeeftink@superrito.com,06-32456427,744193071,Best Products
 1024578,wqnvqmhsk,CUSTOMER,Gilsing,Janniek,J.Y.,Copernicusstraat 174,Barneveld,3772 CV,Gelderland,Netherlands,male,1/8/1998,JanniekGilsing@armyspy.com,06-25484097,233931390,Irving's Sporting Goods
 3201613,fdphmtlgf,CUSTOMER,Regelink,Roselyn,R.R.,Echelpoelweg 140,Weerselo,7595 KA,Overijssel,Netherlands,female,7/5/1977,RoselynRegelink@fleckens.hu,06-75563205,955879778,Evans
 2959830,nrkrjnneg,CUSTOMER,Elfrink,Geordi,G.D.,Rijsbes 51,Den Haag,2498 AS,Zuid-Holland,Netherlands,male,5/11/1957,GeordiElfrink@fleckens.hu,06-98863996,690975806,K's Merchandise
 9221529,swjkezsdz,CUSTOMER,Zwaneveld,Lidian,L.D.,Varkensmarkt 127,Middelburg,4331 LA,Zeeland,Netherlands,female,1/2/2007,LidianZwaneveld@dayrep.com,06-23365505,684087040,Destiny Planners
 3212478,dsmohxcyp,CUSTOMER,Overweg,Eef,E.A.,Kamillelaan 154,Wierden,7641 CV,Overijssel,Netherlands,male,6/21/1993,EefOverweg@cuvox.de,06-96695941,124914765,Erlebacher's
 6102104,biwnesnfv,CUSTOMER,Memelink,Noëll,N.C.,Loosduinseweg 130,Den Haag,2571 BE,Zuid-Holland,Netherlands,female,4/5/1987,NoellMemelink@einrot.com,06-90755424,497171424,Flexus
 2743786,wzyjnpxcc,CUSTOMER,Nefkens,Geerke,G.M.,Van Hogendorplaan 183,Vlaardingen,3135 CM,Zuid-Holland,Netherlands,female,11/16/1933,GeerkeNefkens@jourrapide.com,06-49770254,853465743,Monmax
 1552364,cwzgxubrg,CUSTOMER,Does,Malon,M.T.,Koningsweg 60,Utrecht,3585 LA,Utrecht,Netherlands,female,6/1/1977,MalonDoes@superrito.com,06-25490445,629419560,E-zhe Source
 1474263,oxidkrvro,CUSTOMER,Ouwendijk,Mirelle,M.H.,Teniersstraat 5,Geleen,6165 XJ,Limburg,Netherlands,female,10/12/1985,MirelleOuwendijk@fleckens.hu,06-82799517,134536991,The High Heelers
 8538291,eluwwyhqq,CUSTOMER,Stokman,Christiano,C.J.,Brouwerijstraat 151,Aardenburg,4527 BW,Zeeland,Netherlands,male,1/25/1993,ChristianoStokman@fleckens.hu,06-17039782,278833883,House Of Denmark
 6469821,mxzbouade,CUSTOMER,van Uum,Arnoldina,A.N.,De Wetstraat 189,Leiden,2332 XS,Zuid-Holland,Netherlands,female,6/15/1983,ArnoldinavanUum@rhyta.com,06-63096628,754126197,New World Realty
 3705846,wmydcnzia,CUSTOMER,Bartholomeus,Jody,J.W.,Viandenlaan 137,Breda,4835 EG,Noord-Brabant,Netherlands,male,4/20/1935,JodyBartholomeus@jourrapide.com,06-31058270,268272596,Wholesale Club
 6154710,jdfwizdxi,CUSTOMER,Ermers,Gonca,G.S.,Kethelweg 17,Vlaardingen,3135 GD,Zuid-Holland,Netherlands,female,11/14/1975,GoncaErmers@cuvox.de,06-90625486,571954882,Coon Chicken Inn
 3335108,uspirnotp,CUSTOMER,Schoot,Djen,D.J.,Kalanderij 49,Veenendaal,3901 WP,Utrecht,Netherlands,male,3/16/1972,DjenSchoot@cuvox.de,06-30730834,834067390,Metro
 7047171,xobxhivmh,CUSTOMER,Clements,Ensar,E.M.,Zaagmolendrift 46,Rotterdam,3036 JV,Zuid-Holland,Netherlands,male,11/2/1972,EnsarClements@einrot.com,06-84852703,187839290,Burger Chef
 7554806,tykoqluhv,CUSTOMER,Zegwaard,Zosja,Z.H.,Valeriaanstraat 9,Almere,1313 JB,Flevoland,Netherlands,female,9/18/1959,ZosjaZegwaard@dayrep.com,06-91013164,287062341,Stop and Shop
 3610230,faiidggvk,CUSTOMER,Boomstra,Jing,J.V.,Hegdambroek 48,Nijmegen,6546 VS,Gelderland,Netherlands,female,8/9/1969,JingBoomstra@fleckens.hu,06-14196773,304083846,Singer Lumber
 3125857,vjkqabusi,CUSTOMER,Hogenes,Chuck,C.J.,Laan van Delfland 77,Monster,2681 VC,Zuid-Holland,Netherlands,male,12/14/1981,ChuckHogenes@superrito.com,06-76744258,298968327,Patterson-Fletcher
 2056495,sczeqfqhc,CUSTOMER,van der Staak,Marieta,M.W.,Hoonesweg 188,Eibergen,7152 AH,Gelderland,Netherlands,female,12/19/1946,MarietavanderStaak@dayrep.com,06-42960238,773945413,Trak Auto
 5852166,zeqhsmyvg,CUSTOMER,Bijvank,Jordy,J.J.,Gentiaanhof 154,Losser,7581 VN,Overijssel,Netherlands,female,8/30/1969,JordyBijvank@armyspy.com,06-94448941,110540081,Rhodes Furniture
 3352836,rqallxozc,CUSTOMER,Petit,Lauren,L.J.,Wolmaransstraat 162,Den Haag,2572 EK,Zuid-Holland,Netherlands,female,5/7/1962,LaurenPetit@superrito.com,06-45121510,814856657,Your Future Is Now
 8786374,alyiffnqu,CUSTOMER,Verberk,Erik,E.M.,Professor van de Grintenlaan 185,Eindhoven,5652 NB,Noord-Brabant,Netherlands,male,11/14/1997,ErikVerberk@rhyta.com,06-70396846,654652098,National Shirt Shop
 3419637,ssmamyain,CUSTOMER,van Dieren,Lee,L.A.,De Kattenberg 18,Bergeijk,5571 RZ,Noord-Brabant,Netherlands,female,6/26/1973,LeevanDieren@fleckens.hu,06-94380218,814135752,Kenny Rogers Roasters
 9341399,kivrbadhw,CUSTOMER,Corporaal,Janniek,J.S.,Anjelierstraat 138,Utrecht,3551 AN,Utrecht,Netherlands,male,4/19/1980,JanniekCorporaal@fleckens.hu,06-33859383,461881920,P. Samuels Men's Clothiers
 4938537,boucmwzjv,CUSTOMER,Plug,Idske,I.R.,Kerkstraat 149,Haren,9751 BC,Groningen,Netherlands,female,12/4/2004,IdskePlug@teleworm.us,06-96521649,891243620,Sherman's
 3724912,soukigwaq,CUSTOMER,van Gorkom,Josha,J.X.,Emmastraat 150,Alkmaar,1814 DR,Noord-Holland,Netherlands,male,9/19/1948,JoshavanGorkom@dayrep.com,06-90970055,120013473,Eden Lawn Service
 7349026,vjasamdra,CUSTOMER,Steffens,Ivy,I.M.,Blanchardstraat 52,Den Haag,2497 BP,Zuid-Holland,Netherlands,female,8/6/1986,IvySteffens@gustr.com,06-73179742,874504121,Zantigo
 1683522,kaalonnnz,CUSTOMER,Bambacht,Yvanca,Y.D.,Kemperstraat 137,Haaksbergen,7482 XT,Overijssel,Netherlands,female,5/24/1956,YvancaBambacht@dayrep.com,06-22275071,213122462,Linens 'n Things
 4776901,hznigxttk,CUSTOMER,Reijm,Simcha,S.D.,Oranje Nassaustraat 31,Bovenkarspel,1611 EB,Noord-Holland,Netherlands,male,7/11/1977,SimchaReijm@rhyta.com,06-76030070,675162763,Thom McAn Store
 8670746,czkozlbdk,CUSTOMER,van der Plaats,Nouri,N.Z.,Hoogstraat 186,Nistelrode,5388 EC,Noord-Brabant,Netherlands,male,2/21/1996,NourivanderPlaats@superrito.com,06-42353733,765459760,Erol's
 2108838,toowriosr,CUSTOMER,Caris,Pietro,P.J.,Van Beuningenstraat 67,Hilversum,1215 GS,Noord-Holland,Netherlands,male,8/29/1939,PietroCaris@teleworm.us,06-59645769,411748356,Rickel
 2282746,xnbdlqrqz,CUSTOMER,Duijst,Rolf,R.N.,Smaragdhof 80,Utrecht,3523 CZ,Utrecht,Netherlands,male,2/22/1991,RolfDuijst@einrot.com,06-56681363,333863199,Rogersound Labs
 6525236,hrzkfsizy,CUSTOMER,van Bodegraven,Erik,E.J.,Julianaweg 76,Utrecht,3523 XN,Utrecht,Netherlands,male,5/17/1964,ErikvanBodegraven@dayrep.com,06-45229389,290480420,MegaSolutions
 3007802,qeyyfcuph,CUSTOMER,van Straalen,Feline,F.J.,Ringslang 175,Amersfoort,3824 VD,Utrecht,Netherlands,female,4/6/2009,FelinevanStraalen@dayrep.com,06-93874609,106947626,Luskin's
 4716612,yegarpecu,CUSTOMER,van Belle,Katharina,K.C.,Van Limburg Stirumstraat 129,Noordwijk,2201 JP,Zuid-Holland,Netherlands,female,1/13/1946,KatharinavanBelle@jourrapide.com,06-53984461,640605732,Gemco
 4374159,omjrdzrxb,CUSTOMER,Hoedemakers,Chanique,C.B.,Goorseweg 64,Lochem,7241 DC,Gelderland,Netherlands,female,7/7/1950,ChaniqueHoedemakers@armyspy.com,06-77403820,637580016,Knox Lumber
 5426277,xklsoccvz,CUSTOMER,Hink,Kaatje,K.T.,Runstraat 151,Schaijk,5374 AA,Noord-Brabant,Netherlands,female,11/11/2002,KaatjeHink@rhyta.com,06-19396867,481901904,Earthworks Yard Maintenance
 1388395,fmbjlthuj,CUSTOMER,Dinnissen,Marko,M.S.,Ottershagenweg 50,Oud-Ootmarsum,7637 PT,Overijssel,Netherlands,male,5/2/1941,MarkoDinnissen@armyspy.com,06-74050382,289117369,MagnaSolution
 2657289,kigvtycfv,CUSTOMER,Soetendaal,Mientje,M.R.,Spinnaker 51,Papendrecht,3356 CP,Zuid-Holland,Netherlands,female,1/28/1939,MientjeSoetendaal@einrot.com,06-26200101,426495814,Golden Dawn
 4999991,jyhhkbvrc,RETAILMANAGER,Hannink,Jair,J.U.,Henrick de Keijserplein 74,Amsterdam,1073 SV,Noord-Holland,Netherlands,null,null,Jair@beehive.nl,null,553553477,null
 4892622,xzjsgtvqv,BUSINESSMANAGER,Hannink,Jair,J.U.,Henrick de Keijserplein 74,Amsterdam,1073 SV,Noord-Holland,Netherlands,null,null,Jair@beehive.nl,null,553553477,null
 8656991,fajxpatve,ACCOUNTMANAGER,Hannink,Jair,J.U.,Henrick de Keijserplein 74,Amsterdam,1073 SV,Noord-Holland,Netherlands,null,null,Jair@beehive.nl,null,553553477,null
 1869401,bdilnknro,ACCOUNTMANAGER,Fekkes,Robby,R.P.,Drentesingel 76,Arnhem,6835 HM,Gelderland,Netherlands,null,null,Robby@beehive.nl,null,148343572,null
 9284290,xhuhwcjqb,ACCOUNTMANAGER,de Kroon,Viktor,V.F.,Korte Water 188,Amsterdam,1069 GT,Noord-Holland,Netherlands,null,null,Viktor@beehive.nl,null,589574529,null
 7376607,usaaojlus,ACCOUNTMANAGER,Zwagerman,Azra,A.J.,Kastanjestraat 78,Enschede,7545 HX,Overijssel,Netherlands,null,null,Azra@beehive.nl,null,290615147,null
